Sample_Number;Sample_Name;GA4;GA1;GA7;GA3;GA5;GA34;GA8;ABA;JA;IAA;SA;DHZ;iP;tZ;Control;Hormone_Treated;Trip_Number
L83;K1 - 887 - A;0.453;0.092;0.42;18.974;9.16;0.06;0.23;1887.26;10.21;7.83;397.19;0.09;0.02;0.03;True;False;1
L84;K2 - 887 - A;0.976;0.235;0.37;38.549;15.07;0.04;0.78;1190.38;2.98;9.19;169.72;0.16;0.02;0.06;True;False;1
L85;K3 - 887 - A;9.732;0.151;0.57;16.559;3.85;0.11;0.17;1213.44;78.89;9.8;110.17;0.06;0.01;0.04;True;False;1
L86;K4 - 887 - A;7.79;0.041;0.5;17.761;5.63;0.18;0.32;1027.04;38.46;9.09;129.51;0.14;0.02;0.06;True;False;1
L87;GA1 - 887 - A;6.901;0.142;1.89;22.218;5.91;0.13;0.34;1466.38;37.72;10.82;187.55;0.11;0.01;0.04;False;True;1
L88;GA2 - 887 - A;5.586;0.3;4.7;35.117;7.16;0.07;0.52;1296.01;10.44;11.36;147.4;0.12;0.02;0.06;False;True;1
L89;GA3 - 887 - A;5.64;0.269;1.8;37.68;9.82;0.15;0.64;2232.18;20.12;9.43;237.24;0.09;0.01;0.04;False;True;1
L90;GA4 - 887 - A;4.397;0.194;3.27;40.464;15.73;0.2;0.55;1467.14;28.31;8.68;172.13;0.11;0.01;0.03;False;True;1
L91;K1 - 735 - A;11.43;0.285;1.46;88.291;9.59;1.07;1.51;2117.26;31.95;8.66;59.51;0.04;0.01;0.02;True;False;1
L92;K2 - 735 - A;5.058;0.248;0.26;70.142;11.43;0.51;1.83;1103.1;113.55;11.19;36.89;0.06;0.01;0.03;True;False;1
L93;K3 - 735 - A;3.879;0.5;0.85;70.327;11.93;0.32;1.76;2194.18;73.91;11.52;35.13;0.08;0.01;0.03;True;False;1
L94;K4 - 735 - A;1.305;0.316;1.49;64.283;10.05;0.15;1.75;1775.09;10.54;6.09;34.67;0.04;0.01;0.01;True;False;1
L95;GA1 - 735 - A;0.886;0.077;0.34;28.272;2.94;0.12;0.7;2609.77;30.08;10.55;182.87;0.05;0.01;0.02;False;True;1
L96;GA2 - 735 - A;4.083;0.288;0.74;54.129;9.5;0.13;0.91;1585.27;17.18;12.18;50.82;0.07;0.01;0.03;False;True;1
L97;GA3 - 735 - A;1.967;0.298;1.47;68.149;11.36;0.22;1.72;2705.29;41.65;9.56;57.17;0.08;0.01;0.02;False;True;1
L98;GA4 - 735 - A;1.994;0.158;0.63;59.91;8.46;0.2;1.6;2921.83;22.58;6.78;140.76;0.08;0.01;0.03;False;True;1
L99;K1 - 698 - A;1.774;0.501;1.28;108.281;8.58;0.02;1.97;2024.86;69.76;11.49;43.47;0.1;0.01;0.03;True;False;1
L100;K2 - 698 - A;2.907;0.487;1.14;81.246;6.75;0.02;1.29;2110.57;24.99;14.26;66.54;0.12;0.01;0.04;True;False;1
L101;K3 - 698 - A;0.38;0.185;0.4;41.126;5.67;0.01;1.36;2658.77;13.62;11.88;200.4;0.11;0.01;0.04;True;False;1
L102;K4 - 698 - A;2.478;0.594;1.41;104.799;5.54;0.04;1.36;1619.8;19.55;11.3;42.38;0.1;0.01;0.06;True;False;1
L103;GA1 - 698 - A;1.465;7.359;1.27;31.675;2.15;0.0;0.59;2866.77;40.94;12.62;128.84;0.09;0.01;0.07;False;True;1
L104;GA2 - 698 - A;1.591;0.449;1.33;50.438;4.67;0.08;3.49;1787.12;53.29;8.44;34.99;0.14;0.01;0.05;False;True;1
L105;GA3 - 698 - A;5.054;0.369;2.2;92.366;5.75;0.01;1.32;1160.0;32.85;9.84;42.94;0.13;0.01;0.08;False;True;1
L106;GA4 - 698 - A;2.677;0.485;1.36;80.844;7.79;0.02;1.53;1020.37;43.54;8.22;60.37;0.09;0.01;0.04;False;True;1
L107;K1 - 680 - A;6.421;0.588;1.75;118.642;15.66;11.47;2.0;1492.98;108.47;13.19;74.45;0.11;0.01;0.05;True;False;1
L108;K2 - 680 - A;1.449;0.561;1.69;102.748;14.84;2.54;2.19;1583.9;19.51;12.18;87.15;0.09;0.01;0.05;True;False;1
L109;K3 - 680 - A;4.423;0.62;3.08;102.578;13.6;7.39;2.0;1601.61;30.0;14.69;69.53;0.13;0.01;0.06;True;False;1
L110;K4 - 680 - A;1.792;0.523;1.56;111.768;17.34;1.93;3.05;2694.0;19.2;10.38;95.63;0.07;0.01;0.03;True;False;1
L111;GA1 - 680 - A;1.963;0.728;0.77;110.429;13.4;4.56;4.28;1580.02;43.5;8.96;79.79;0.06;0.01;0.03;False;True;1
L112;GA2 - 680 - A;6.411;0.742;2.34;101.828;11.94;4.89;2.12;2824.45;18.06;10.27;80.16;0.09;0.01;0.05;False;True;1
L113;GA3 - 680 - A;1.301;0.414;1.69;88.542;11.33;1.53;2.23;1590.72;16.5;10.5;95.53;0.08;0.01;0.06;False;True;1
L114;GA4 - 680 - A;1.893;0.767;2.67;116.463;15.05;3.31;2.15;1500.12;53.81;11.96;80.51;0.08;0.01;0.03;False;True;1
L115;K1 - 402 - A;2.248;1.14;2.4;62.932;19.87;0.6;3.91;1496.22;17.65;8.8;67.89;0.13;0.01;0.05;True;False;1
L116;K2 - 402 - A;1.96;1.411;1.85;85.379;24.45;0.41;4.23;1519.61;47.99;10.07;47.8;0.13;0.01;0.05;True;False;1
L117;K3 - 402 - A;1.321;0.999;3.49;70.122;19.78;0.24;4.17;1483.75;18.14;8.76;76.23;0.12;0.01;0.04;True;False;1
L118;K4 - 402 - A;1.534;1.243;2.39;61.841;20.39;0.37;5.44;1309.11;6.61;11.39;40.54;0.08;0.01;0.03;True;False;1
L119;GA1 - 402 - A;0.201;1.323;2.86;71.813;13.9;0.25;5.53;1035.3;88.18;7.11;24.01;0.07;0.01;0.02;False;True;1
L120;GA2 - 402 - A;0.433;0.817;3.34;75.639;14.73;0.04;6.64;933.6;10.41;8.5;41.97;0.09;0.0;0.03;False;True;1
L121;GA3 - 402 - A;0.694;1.145;1.74;85.944;32.25;0.2;7.75;1215.67;20.63;11.52;38.47;0.14;0.01;0.04;False;True;1
L122;GA4 - 402 - A;2.347;0.775;3.33;63.655;15.65;0.24;3.91;1897.14;104.45;12.23;36.75;0.09;0.01;0.03;False;True;1
L123;K1 - 171 - A;7.335;0.923;3.47;78.551;20.69;0.56;4.74;1053.34;22.72;9.81;59.05;0.1;0.01;0.05;True;False;1
L124;K2 - 171 - A;2.772;0.566;4.11;82.818;24.32;0.21;5.82;2793.25;49.08;10.34;80.62;0.08;0.01;0.04;True;False;1
L125;K3 - 171 - A;1.937;0.476;3.76;79.452;25.71;0.13;5.26;2805.38;2.32;6.2;44.39;0.07;0.02;0.02;True;False;1
L126;K4 - 171 - A;7.705;0.636;4.27;66.546;17.27;1.03;3.82;2013.04;4.81;9.87;62.78;0.09;0.01;0.04;True;False;1
L127;GA1 - 171 - A;2.141;1.031;3.01;80.409;21.56;0.4;5.76;1468.01;13.31;7.42;66.61;0.1;0.01;0.06;False;True;1
L128;GA2 - 171 - A;2.681;0.46;3.37;75.756;17.23;0.33;5.07;1824.53;2.96;5.04;39.42;0.07;0.01;0.03;False;True;1
L129;GA3 - 171 - A;0.381;0.767;3.02;84.373;20.65;0.24;5.54;1033.26;14.27;7.54;105.66;0.1;0.01;0.05;False;True;1
L130;GA4 - 171 - A;2.581;0.628;0.55;61.786;27.64;0.56;6.38;1566.79;38.73;6.93;69.59;0.08;0.01;0.04;False;True;1
L131;K1 - 703 - A;2.595;0.38;3.04;35.494;4.76;0.32;0.85;1856.2;14.79;9.56;32.0;0.08;0.01;0.03;True;False;1
L132;K2 - 703 - A;0.794;0.186;0.75;9.816;1.51;0.04;0.41;2944.05;47.23;16.89;144.56;0.07;0.01;0.03;True;False;1
L133;K3 - 703 - A;4.017;0.377;1.67;51.597;5.94;0.65;0.77;1575.83;41.43;14.51;38.0;0.09;0.01;0.04;True;False;1
L134;K4 - 703 - A;6.186;0.193;2.52;34.728;3.68;0.7;0.53;1623.96;45.45;11.14;33.4;0.09;0.01;0.05;True;False;1
L135;GA1 - 703 - A;2.681;0.525;1.71;46.661;5.14;0.23;0.71;1679.83;27.58;8.99;40.82;0.08;0.01;0.03;False;True;1
L136;GA2 - 703 - A;3.945;0.345;1.78;50.706;8.81;0.22;1.44;2287.27;36.57;11.3;30.56;0.1;0.01;0.02;False;True;1
L137;GA3 - 703 - A;5.895;0.509;3.44;38.788;6.12;0.68;0.94;1669.18;79.34;12.35;32.04;0.08;0.01;0.04;False;True;1
L138;GA4 - 703 - A;3.177;0.402;2.08;49.294;6.43;1.19;0.92;1669.68;6.36;6.88;32.49;0.06;0.01;0.03;False;True;1
L139;K1 - 609 - A;4.837;0.429;4.49;57.507;8.0;0.71;3.21;1531.23;7.64;4.82;41.27;0.08;0.01;0.03;True;False;1
L140;K2 - 609 - A;2.078;0.731;3.08;53.392;21.13;0.28;3.32;1430.81;14.27;6.11;77.1;0.12;0.01;0.03;True;False;1
L141;K3 - 609 - A;4.664;0.524;3.26;61.779;15.42;0.5;3.4;2604.57;16.63;8.41;72.39;0.1;0.01;0.02;True;False;1
L142;K4 - 609 - A;2.064;0.572;2.81;59.122;13.59;0.16;2.79;2128.16;12.57;5.07;58.62;0.08;0.01;0.03;True;False;1
L143;GA1 - 609 - A;1.87;0.5;2.85;60.54;16.64;0.19;3.84;2356.51;21.27;6.22;96.15;0.06;0.01;0.02;False;True;1
L144;GA2 - 609 - A;0.587;0.589;5.94;55.703;13.46;0.05;3.69;2573.01;10.68;10.94;166.95;0.17;0.01;0.03;False;True;1
L145;GA3 - 609 - A;2.774;0.604;3.74;54.348;12.68;0.18;3.73;3641.13;4.75;6.05;71.71;0.08;0.01;0.03;False;True;1
L146;GA4 - 609 - A;2.578;0.485;9.6;71.485;22.18;0.23;4.18;3538.89;9.52;5.83;117.7;0.07;0.01;0.02;False;True;1
L147;K1 - 35 - A;1.49;0.623;1.49;54.708;4.11;0.42;2.3;1426.37;14.77;7.01;90.41;0.13;0.02;0.03;True;False;1
L148;K2 - 35 - A;2.138;0.455;5.73;50.085;5.43;0.35;1.6;1094.54;8.26;11.62;129.26;0.14;0.01;0.03;True;False;1
L149;K3 - 35 - A;2.778;0.459;5.44;52.703;3.46;0.27;2.27;594.63;7.22;11.41;110.95;0.14;0.01;0.04;True;False;1
L150;K4 - 35 - A;2.453;0.33;2.27;66.397;5.45;0.28;2.46;1423.16;5.46;8.91;106.28;0.07;0.01;0.03;True;False;1
L151;GA1 - 35 - A;6.413;0.661;2.5;45.756;8.87;0.88;1.19;265.3;48.51;8.78;84.0;0.15;0.01;0.07;False;True;1
L152;GA2 - 35 - A;5.555;0.681;3.15;35.661;5.51;0.57;1.07;632.82;4.07;6.95;99.45;0.13;0.01;0.06;False;True;1
L153;GA3 - 35 - A;1.733;0.813;1.75;44.457;5.46;0.34;1.72;1009.59;18.6;7.16;125.16;0.1;0.01;0.04;False;True;1
L154;GA4 - 35 - A;4.743;0.475;1.37;58.685;10.07;0.69;2.04;1183.44;10.47;10.1;191.47;0.15;0.02;0.06;False;True;1
L155;K1 - 887 - B;0.383;0.131;0.57;11.971;3.88;0.04;0.51;3680.34;16.22;9.69;455.41;0.1;0.01;0.03;True;False;2
L156;K2 - 887 - B;0.602;0.113;0.94;13.465;7.1;0.02;0.39;2107.91;17.06;6.95;219.04;0.13;0.01;0.03;True;False;2
L157;K3 - 887 - B;0.266;0.114;0.73;20.042;6.26;0.11;1.52;4592.23;36.15;10.5;603.68;0.09;0.01;0.02;True;False;2
L158;K4 - 887 - B;1.828;0.131;1.1;27.846;7.04;0.06;0.7;2462.97;150.6;9.43;154.9;0.12;0.01;0.03;True;False;2
L159;GA1 - 887 - B;3.128;0.181;1.94;28.019;7.46;0.11;0.7;1718.84;51.7;7.33;154.15;0.11;0.01;0.03;False;True;2
L160;GA2 - 887 - B;2.817;0.196;1.6;21.598;8.11;0.27;0.85;1677.07;197.27;7.97;190.52;0.14;0.01;0.04;False;True;2
L161;GA3 - 887 - B;8.504;0.181;0.49;31.491;6.04;0.22;0.56;1255.68;133.01;11.13;133.89;0.18;0.01;0.06;False;True;2
L162;GA4 - 887 - B;4.655;0.386;2.69;42.95;8.05;0.24;1.03;1897.5;60.28;6.93;164.17;0.15;0.01;0.03;False;True;2
L163;K1 - 735 - B;8.962;0.38;0.86;46.771;9.06;1.22;1.98;1877.55;106.0;8.98;54.38;0.06;0.01;0.02;True;False;2
L164;K2 - 735 - B;3.533;0.637;0.73;70.341;8.1;0.82;3.53;3207.28;11.01;4.22;25.98;0.08;0.01;0.03;True;False;2
L165;K3 - 735 - B;4.463;0.582;0.82;53.068;7.48;0.82;2.36;2812.69;38.87;7.99;33.9;0.05;0.01;0.02;True;False;2
L166;K4 - 735 - B;3.208;0.421;0.95;50.315;9.68;0.4;2.08;1962.59;96.64;6.2;30.95;0.09;0.01;0.02;True;False;2
L167;GA1 - 735 - B;0.823;0.171;1.51;46.176;7.61;0.16;1.77;3452.99;46.12;8.22;129.17;0.06;0.01;0.02;False;True;2
L168;GA2 - 735 - B;3.07;0.339;0.79;45.698;14.86;0.41;2.27;3712.49;43.25;10.14;84.09;0.09;0.01;0.02;False;True;2
L169;GA3 - 735 - B;5.251;0.315;1.26;74.899;10.33;0.59;4.01;4106.51;96.19;6.96;23.22;0.05;0.01;0.02;False;True;2
L170;GA4 - 735 - B;6.045;0.304;1.71;57.755;9.95;0.53;3.21;2113.54;134.19;13.17;46.57;0.07;0.01;0.03;False;True;2
L171;K1 - 698 - B;1.676;0.549;1.66;76.664;4.75;0.07;1.84;2239.4;27.22;7.59;48.05;0.11;0.01;0.04;True;False;2
L172;K2 - 698 - B;6.193;0.425;1.15;61.728;5.82;0.08;1.25;1193.44;38.68;10.87;31.49;0.21;0.01;0.08;True;False;2
L173;K3 - 698 - B;1.256;0.354;1.34;70.999;14.7;0.06;3.26;2133.89;17.65;8.02;106.51;0.14;0.01;0.03;True;False;2
L174;K4 - 698 - B;1.648;0.478;2.85;77.765;6.53;0.18;1.45;1499.33;99.99;8.73;48.27;0.19;0.01;0.06;True;False;2
L175;GA1 - 698 - B;2.891;0.243;1.09;50.586;3.41;0.03;1.52;1013.4;84.31;9.13;44.9;0.16;0.01;0.08;False;True;2
L176;GA2 - 698 - B;1.483;0.546;2.27;47.991;5.65;0.09;1.53;1680.32;103.25;8.32;43.62;0.14;0.01;0.04;False;True;2
L177;GA3 - 698 - B;3.839;0.314;1.97;69.527;5.88;0.03;1.99;1347.22;201.53;9.05;44.6;0.16;0.01;0.06;False;True;2
L178;GA4 - 698 - B;0.976;0.569;1.95;61.293;6.18;0.06;2.4;955.05;6.36;7.9;38.58;0.2;0.01;0.06;False;True;2
L179;K1 - 680 - B;1.486;0.697;2.93;92.503;14.96;2.2;4.24;1164.4;16.19;10.63;48.78;0.24;0.01;0.03;True;False;2
L180;K2 - 680 - B;3.73;0.488;1.58;92.364;10.95;4.37;4.21;1833.93;57.25;9.62;101.46;0.14;0.01;0.03;True;False;2
L181;K3 - 680 - B;1.334;0.576;1.09;109.764;12.92;2.26;3.8;2572.07;1.46;8.77;55.05;0.14;0.01;0.03;True;False;2
L182;K4 - 680 - B;2.109;0.611;2.39;81.472;13.12;1.64;2.9;1417.61;48.21;13.24;73.51;0.19;0.01;0.04;True;False;2
L183;GA1 - 680 - B;1.673;0.539;1.08;134.568;19.34;1.8;4.99;2405.64;4.3;8.8;59.67;0.16;0.01;0.03;False;True;2
L184;GA2 - 680 - B;1.001;0.606;1.42;76.198;15.45;2.37;3.63;1308.55;69.51;6.96;77.94;0.2;0.01;0.04;False;True;2
L185;GA3 - 680 - B;1.601;0.303;0.49;52.42;5.21;0.86;1.67;1340.35;24.89;8.33;63.52;0.12;0.01;0.04;False;True;2
L186;GA4 - 680 - B;0.89;0.438;3.17;79.856;14.3;2.03;4.34;1651.39;16.48;13.55;78.23;0.12;0.01;0.03;False;True;2
L187;K1 - 402 - B;0.838;0.674;1.34;45.702;26.23;0.1;4.45;1626.61;31.27;6.5;57.29;0.11;0.01;0.02;True;False;2
L188;K2 - 402 - B;0.563;0.702;2.08;62.008;25.3;0.17;7.77;1995.29;18.33;6.26;30.49;0.1;0.01;0.02;True;False;2
L189;K3 - 402 - B;3.063;0.847;4.54;50.492;20.98;0.21;4.26;1170.11;57.27;10.62;36.39;0.18;0.01;0.04;True;False;2
L190;K4 - 402 - B;0.916;0.814;1.95;52.428;16.39;0.18;3.89;1025.73;116.41;12.54;67.23;0.13;0.01;0.03;True;False;2
L191;GA1 - 402 - B;1.425;0.684;1.59;65.497;11.99;0.04;4.75;1553.6;65.32;8.33;36.26;0.14;0.01;0.04;False;True;2
L192;GA2 - 402 - B;1.232;0.712;1.86;68.394;10.97;0.07;4.14;1449.28;97.38;7.39;32.09;0.13;0.01;0.03;False;True;2
L193;GA3 - 402 - B;1.668;0.666;1.16;68.59;30.03;;5.11;1580.84;5.74;10.63;43.88;0.16;0.01;0.04;False;True;2
L194;GA4 - 402 - B;2.301;0.637;2.36;61.614;10.72;0.13;5.35;1787.21;18.51;9.15;35.66;0.12;0.01;0.03;False;True;2
L195;K1 - 171 - B;2.741;0.441;1.99;72.245;18.96;0.08;4.98;1367.15;24.29;9.78;40.79;0.18;0.01;0.03;True;False;2
L196;K2 - 171 - B;2.705;0.498;1.59;72.383;13.05;0.33;6.12;2675.0;86.43;11.35;67.13;0.15;0.01;0.04;True;False;2
L197;K3 - 171 - B;2.58;0.408;1.97;76.025;14.11;0.13;5.57;2374.21;23.13;11.12;43.82;0.15;0.01;0.02;True;False;2
L198;K4 - 171 - B;3.073;0.551;1.5;86.516;22.4;0.15;6.25;1441.71;32.56;11.29;88.14;0.16;0.01;0.04;True;False;2
L199;GA1 - 171 - B;3.414;0.393;2.36;61.558;12.23;0.13;4.61;1725.28;54.34;7.76;48.07;0.12;0.01;0.05;False;True;2
L200;GA2 - 171 - B;2.045;0.574;2.61;73.642;18.46;0.26;5.37;1457.36;75.32;12.18;56.31;0.15;0.01;0.04;False;True;2
L201;GA3 - 171 - B;2.265;0.408;3.1;86.543;21.94;0.23;7.17;1345.65;23.96;8.48;48.2;0.14;0.02;0.03;False;True;2
L202;GA4 - 171 - B;1.092;0.366;4.0;74.916;18.73;0.16;5.9;1534.83;18.0;12.01;71.59;0.38;0.02;0.11;False;True;2
L203;K1 - 703 - B;4.95;0.298;3.93;41.626;4.4;1.44;1.0;2571.64;238.57;12.58;59.21;0.12;0.01;0.03;True;False;2
L204;K2 - 703 - B;3.064;0.328;2.77;43.077;4.12;1.47;1.41;3301.99;119.97;8.74;43.64;0.14;0.01;0.04;True;False;2
L205;K3 - 703 - B;3.229;0.252;1.47;35.213;4.11;0.86;0.94;1826.87;114.77;10.13;53.66;0.15;0.0;0.05;True;False;2
L206;K4 - 703 - B;2.781;0.338;3.07;58.583;4.69;1.1;1.42;2846.88;52.17;10.51;49.35;0.13;0.01;0.04;True;False;2
L207;GA1 - 703 - B;1.739;0.389;2.52;63.526;6.83;0.65;1.62;1372.68;26.17;5.94;20.9;0.05;0.0;0.01;False;True;2
L208;GA2 - 703 - B;4.005;0.204;3.47;56.295;6.39;0.69;0.96;2693.81;7.56;9.02;45.87;0.14;0.01;0.03;False;True;2
L209;GA3 - 703 - B;3.334;0.284;3.83;43.961;7.26;1.02;0.8;1852.1;79.26;10.79;53.2;0.13;0.01;0.03;False;True;2
L210;GA4 - 703 - B;2.523;0.371;3.36;52.185;6.43;1.23;1.18;1922.78;83.35;12.39;36.23;0.13;0.0;0.03;False;True;2
L211;K1 - 609 - B;1.383;0.515;2.73;70.836;19.01;0.4;2.96;1380.0;11.94;5.84;66.25;0.12;0.01;0.03;True;False;2
L212;K2 - 609 - B;8.807;0.848;0.81;68.727;17.97;1.0;3.06;1315.3;35.25;5.67;113.75;0.25;0.01;0.05;True;False;2
L213;K3 - 609 - B;6.447;0.887;1.89;94.305;16.1;0.92;5.38;1078.79;79.06;7.55;79.5;0.18;0.01;0.04;True;False;2
L214;K4 - 609 - B;4.623;0.813;1.74;62.54;17.54;0.53;3.65;2582.83;154.85;8.57;87.7;0.18;0.01;0.03;True;False;2
L215;GA1 - 609 - B;0.977;0.525;2.34;88.798;17.04;0.35;4.24;923.96;39.01;5.74;93.8;0.18;0.01;0.04;False;True;2
L216;GA2 - 609 - B;3.2;0.688;3.72;80.253;28.33;0.5;5.08;1495.35;101.95;9.2;75.09;0.22;0.01;0.04;False;True;2
L217;GA3 - 609 - B;1.532;0.893;5.96;64.542;22.5;0.44;6.94;2014.72;39.95;7.07;67.03;0.11;0.01;0.02;False;True;2
L218;GA4 - 609 - B;3.39;0.512;2.31;58.121;16.21;0.54;4.67;1421.39;102.29;9.48;83.08;0.19;0.01;0.04;False;True;2
L219;K1 - 35 - B;2.161;0.562;2.5;81.156;13.83;1.06;3.65;879.72;47.49;6.51;78.15;0.18;0.01;0.05;True;False;2
L220;K2 - 35 - B;5.458;0.529;3.02;81.299;15.03;2.08;3.61;1104.43;4.19;7.68;129.6;0.14;0.01;0.03;True;False;2
L221;K3 - 35 - B;4.518;0.511;3.05;43.82;12.47;1.62;1.54;517.84;144.46;8.35;174.47;0.15;0.01;0.05;True;False;2
L222;K4 - 35 - B;3.027;0.453;1.33;54.016;11.56;1.26;2.26;1297.83;69.85;8.87;160.35;0.14;0.01;0.03;True;False;2
L223;GA1 - 35 - B;6.009;0.694;3.37;92.481;12.25;1.17;3.69;625.81;42.8;7.42;97.03;0.14;0.01;0.03;False;True;2
L224;GA2 - 35 - B;9.069;0.418;6.34;59.004;10.58;1.98;1.85;400.23;68.74;8.34;135.47;0.19;0.01;0.05;False;True;2
L225;GA3 - 35 - B;1.268;0.827;2.55;67.676;10.57;1.13;3.1;1545.51;59.95;7.61;120.49;0.15;0.01;0.03;False;True;2
L226;GA4 - 35 - B;5.44;0.725;4.75;63.756;13.38;1.5;2.42;1373.14;136.84;8.32;206.64;0.17;0.01;0.03;False;True;2
L227;K1 - 887 - C;3.722;0.396;1.11;77.419;11.5;0.14;1.42;1755.26;18.26;9.35;106.7;0.12;0.01;0.03;True;False;3
L228;K2 - 887 - C;0.928;0.744;0.88;96.626;18.97;0.02;1.92;1847.75;7.43;8.99;133.74;0.13;0.01;0.03;True;False;3
L229;K3 - 887 - C;9.844;0.267;0.81;55.699;7.2;0.16;1.01;2585.53;11.93;11.44;132.8;0.13;0.01;0.03;True;False;3
L230;K4 - 887 - C;3.934;0.203;0.4;45.178;11.36;0.11;0.74;1123.31;21.04;11.4;161.63;0.15;0.01;0.04;True;False;3
L231;GA1 - 887 - C;8.616;0.357;9.94;60.151;8.83;0.23;1.03;1098.66;3.81;11.53;85.39;0.12;0.01;0.02;False;True;3
L232;GA2 - 887 - C;18.034;0.394;25.15;57.14;11.52;0.23;1.25;1265.37;8.29;6.87;83.28;0.13;0.01;0.03;False;True;3
L233;GA3 - 887 - C;26.626;0.615;36.86;84.289;7.74;0.67;1.66;1284.05;9.65;10.91;76.13;0.16;0.02;0.03;False;True;3
L234;GA4 - 887 - C;45.223;0.389;54.03;66.708;11.08;0.33;1.27;1436.79;10.76;13.59;89.98;0.17;0.02;0.04;False;True;3
L235;K1 - 735 - C;4.151;0.518;0.78;58.33;8.74;0.65;5.06;1205.52;26.84;10.51;55.56;0.14;0.01;0.03;True;False;3
L236;K2 - 735 - C;3.316;0.617;0.32;91.107;16.75;0.6;5.17;2291.16;29.86;10.13;28.56;0.13;0.02;0.03;True;False;3
L237;K3 - 735 - C;3.388;0.577;0.5;78.068;16.96;0.46;4.27;1941.37;4.91;8.63;31.48;0.15;0.01;0.03;True;False;3
L238;K4 - 735 - C;3.592;0.539;0.87;52.859;11.24;0.43;3.01;2535.16;27.27;7.92;68.62;0.1;0.01;0.03;True;False;3
L239;GA1 - 735 - C;14.23;0.398;3.23;82.54;18.9;0.49;4.45;2216.24;30.38;8.38;25.81;0.14;0.01;0.03;False;True;3
L240;GA2 - 735 - C;13.403;0.557;9.71;66.394;13.75;0.55;4.58;1941.93;20.86;8.78;40.71;0.13;0.01;0.03;False;True;3
L241;GA3 - 735 - C;161.416;0.608;170.29;82.599;8.09;3.97;4.43;1881.21;41.78;9.66;46.88;0.11;0.01;0.03;False;True;3
L242;GA4 - 735 - C;177.246;0.636;83.14;80.865;13.0;2.64;5.18;2254.43;17.59;4.94;34.77;0.14;0.01;0.02;False;True;3
L243;K1 - 698 - C;0.9;0.517;1.31;94.861;51.01;;7.97;2191.96;2.2;7.23;241.99;0.28;0.01;0.06;True;False;3
L244;K2 - 698 - C;0.387;0.51;0.36;69.345;11.96;;5.5;2617.39;13.16;12.21;268.97;0.17;0.01;0.05;True;False;3
L245;K3 - 698 - C;0.925;0.644;0.48;100.677;12.72;0.02;4.4;1359.33;10.54;10.59;35.8;0.16;0.01;0.04;True;False;3
L246;K4 - 698 - C;1.307;0.682;0.57;93.039;9.53;0.02;2.78;1028.51;28.9;8.4;34.25;0.21;0.01;0.05;True;False;3
L247;GA1 - 698 - C;193.956;0.309;230.22;56.441;4.82;0.21;1.36;546.71;45.25;9.59;47.7;0.17;0.01;0.08;False;True;3
L248;GA2 - 698 - C;5.852;0.582;7.07;68.039;8.38;0.08;2.12;1437.38;4.29;10.66;34.34;0.2;0.01;0.06;False;True;3
L249;GA3 - 698 - C;0.17;0.576;1.84;97.424;10.23;0.02;3.89;1890.27;3.73;7.58;58.25;0.24;0.01;0.05;False;True;3
L250;GA4 - 698 - C;0.794;0.633;3.96;91.945;11.57;;3.48;1700.89;6.65;9.88;25.46;0.2;0.01;0.05;False;True;3
L251;K1 - 680 - C;0.84;0.625;5.61;163.368;30.4;2.08;8.38;847.74;10.79;14.64;68.39;0.21;0.02;0.04;True;False;3
L252;K2 - 680 - C;0.83;0.201;2.08;71.51;14.77;0.82;2.79;1866.87;22.06;15.02;125.66;0.21;0.02;0.04;True;False;3
L253;K3 - 680 - C;0.083;0.375;1.53;78.284;14.65;0.23;5.3;1806.74;15.69;8.13;176.7;0.17;0.01;0.03;True;False;3
L254;K4 - 680 - C;0.801;0.777;2.1;153.927;20.73;1.19;3.5;1162.99;36.91;6.18;48.75;0.2;0.02;0.04;True;False;3
L255;GA1 - 680 - C;0.745;0.443;1.21;177.185;34.55;1.32;3.53;1022.19;6.97;9.47;44.66;0.19;0.02;0.03;False;True;3
L256;GA2 - 680 - C;0.905;0.543;0.86;190.168;27.34;1.88;7.87;920.96;1.38;10.91;50.29;0.17;0.02;0.03;False;True;3
L257;GA3 - 680 - C;52.055;0.572;27.55;162.081;21.99;5.04;3.86;1069.33;15.78;7.16;50.93;0.24;0.03;0.04;False;True;3
L258;GA4 - 680 - C;18.911;1.296;31.18;161.953;29.05;4.75;4.35;1100.19;2.71;11.9;65.84;0.2;0.02;0.04;False;True;3
L259;K1 - 402 - C;0.509;0.975;2.09;92.983;22.63;0.08;6.27;739.71;17.38;8.46;43.61;0.17;0.01;0.04;True;False;3
L260;K2 - 402 - C;0.85;1.029;1.76;80.563;22.99;0.07;6.86;952.85;12.17;8.46;29.57;0.14;0.01;0.03;True;False;3
L261;K3 - 402 - C;0.238;0.805;1.83;90.108;25.22;0.04;14.84;694.07;15.15;12.2;38.62;0.17;0.01;0.04;True;False;3
L262;K4 - 402 - C;0.461;1.39;1.71;72.231;22.05;0.04;6.86;639.19;7.41;8.08;46.42;0.17;0.01;0.04;True;False;3
L263;GA1 - 402 - C;171.245;1.651;163.01;74.838;20.82;0.7;10.17;1327.85;24.32;10.11;34.82;0.09;0.01;0.02;False;True;3
L264;GA2 - 402 - C;4.731;0.272;9.02;46.655;17.98;0.03;5.4;1355.42;7.78;12.44;57.01;0.11;0.01;0.03;False;True;3
L265;GA3 - 402 - C;7.513;0.305;6.01;32.381;6.9;0.1;3.12;2378.58;4.24;13.03;130.07;0.14;0.01;0.04;False;True;3
L266;GA4 - 402 - C;0.698;1.177;1.57;97.042;27.19;;7.46;537.86;11.2;8.1;36.38;0.21;0.01;0.04;False;True;3
L267;K1 - 171 - C;1.243;0.558;1.77;78.273;26.28;0.14;8.71;528.06;8.5;12.95;33.99;0.19;0.02;0.06;True;False;3
L268;K2 - 171 - C;0.487;0.366;0.46;52.853;14.9;0.09;4.81;3325.73;4.46;13.31;281.39;0.15;0.01;0.04;True;False;3
L269;K3 - 171 - C;3.876;0.579;0.92;80.154;27.25;0.18;4.95;2190.3;4.13;10.06;39.85;0.15;0.03;0.03;True;False;3
L270;K4 - 171 - C;0.385;0.451;0.75;94.122;29.58;0.13;5.93;1052.38;7.83;9.64;45.38;0.18;0.02;0.05;True;False;3
L271;GA1 - 171 - C;1.319;0.347;3.08;43.698;14.6;0.02;4.21;1504.21;6.99;13.5;234.17;0.14;0.02;0.03;False;True;3
L272;GA2 - 171 - C;0.7;0.485;2.81;78.009;20.99;;5.67;844.15;4.02;8.96;44.26;0.15;0.02;0.04;False;True;3
L273;GA3 - 171 - C;3.473;0.63;8.93;73.004;14.48;0.04;4.31;378.68;2.87;10.62;32.28;0.16;0.01;0.05;False;True;3
L274;GA4 - 171 - C;18.301;0.885;29.37;95.714;21.38;0.71;8.67;523.76;6.71;8.7;38.77;0.19;0.02;0.05;False;True;3
L275;K1 - 703 - C;3.657;0.372;0.61;53.989;8.01;0.73;1.53;1047.41;12.39;14.73;63.72;0.14;0.01;0.04;True;False;3
L276;K2 - 703 - C;3.255;0.335;1.16;59.078;8.0;0.59;1.6;1313.14;22.76;8.63;48.48;0.11;0.01;0.03;True;False;3
L277;K3 - 703 - C;0.813;0.253;1.66;80.038;18.77;0.55;2.96;1238.53;4.37;7.74;65.73;0.13;0.01;0.02;True;False;3
L278;K4 - 703 - C;5.043;0.618;1.07;86.403;14.03;1.57;2.13;1111.5;3.86;5.94;42.41;0.14;0.01;0.03;True;False;3
L279;GA1 - 703 - C;6.845;0.347;6.9;58.114;9.71;1.12;1.66;819.81;12.73;7.62;55.97;0.13;0.01;0.04;False;True;3
L280;GA2 - 703 - C;2.712;0.392;2.98;71.087;9.36;1.23;1.7;1098.77;3.57;6.68;63.31;0.2;0.01;0.04;False;True;3
L281;GA3 - 703 - C;5.827;0.333;0.65;37.182;8.31;0.6;1.29;942.71;25.84;6.18;88.26;0.13;0.01;0.04;False;True;3
L282;GA4 - 703 - C;1.595;0.341;5.31;52.081;6.16;0.35;3.03;1043.02;38.49;9.94;74.77;0.16;0.01;0.05;False;True;3
L283;K1 - 609 - C;2.839;0.741;1.4;63.553;39.26;0.97;5.18;1325.98;17.93;8.44;96.87;0.22;0.02;0.04;True;False;3
L284;K2 - 609 - C;0.662;0.621;;65.715;39.24;0.27;7.12;1123.02;5.19;5.16;134.39;0.25;0.01;0.03;True;False;3
L285;K3 - 609 - C;0.275;1.436;0.72;102.452;49.58;0.55;21.73;1617.13;12.48;7.55;94.63;0.2;0.01;0.03;True;False;3
L286;K4 - 609 - C;2.033;1.382;1.19;107.63;51.35;0.41;5.71;1101.62;24.49;8.42;112.31;0.23;0.02;0.03;True;False;3
L287;GA1 - 609 - C;2.502;0.777;5.12;86.936;38.65;0.37;7.92;1555.13;57.71;9.55;124.0;0.18;0.02;0.03;False;True;3
L288;GA2 - 609 - C;11.689;0.956;19.21;112.023;28.71;1.15;7.46;834.76;14.8;8.66;148.5;0.26;0.01;0.05;False;True;3
L289;GA3 - 609 - C;12.17;0.708;7.8;85.654;52.46;0.67;5.72;1300.34;17.25;7.84;142.46;0.25;0.02;0.03;False;True;3
L290;GA4 - 609 - C;9.786;1.012;8.01;91.606;43.48;0.91;8.77;1154.5;10.16;7.11;165.43;0.26;0.02;0.04;False;True;3
L291;K1 - 35 - C;0.116;0.767;3.29;105.706;15.41;0.42;5.36;178.54;8.41;4.8;50.91;0.19;0.02;0.04;True;False;3
L292;K2 - 35 - C;0.72;0.72;1.19;103.707;26.22;0.64;5.98;407.58;11.97;4.72;86.95;0.22;0.03;0.05;True;False;3
L293;K3 - 35 - C;0.958;0.459;0.29;111.104;16.56;0.49;4.58;394.6;7.18;6.21;64.66;0.15;0.02;0.03;True;False;3
L294;K4 - 35 - C;0.908;0.438;1.61;108.938;9.56;0.88;4.57;4438.56;8.19;4.13;90.3;0.15;0.02;0.03;True;False;3
L295;GA1 - 35 - C;2.372;0.452;4.69;94.104;23.24;0.91;5.16;187.24;17.79;3.67;82.2;0.16;0.02;0.04;False;True;3
L296;GA2 - 35 - C;51.361;1.059;79.02;92.02;10.69;1.78;3.23;367.71;25.47;5.82;57.37;0.19;0.02;0.06;False;True;3
L297;GA3 - 35 - C;3.95;0.646;4.62;88.317;10.26;0.77;4.67;235.82;6.65;4.94;121.89;0.23;0.02;0.05;False;True;3
L298;GA4 - 35 - C;4.326;0.474;7.29;93.105;19.82;0.85;3.97;548.5;13.75;5.0;83.97;0.31;0.03;0.05;False;True;3
L299;K1 - 887 - D;1.475;0.266;3.46;31.829;8.93;0.09;4.13;1906.43;21.96;10.4;293.08;0.2;0.02;0.03;True;False;4
L300;K2 - 887 - D;10.684;0.576;3.84;81.384;16.04;0.23;4.0;589.15;23.39;5.39;89.96;0.24;0.03;0.05;True;False;4
L301;K3 - 887 - D;1.125;0.627;4.54;69.336;21.81;0.12;4.82;1277.88;28.63;7.23;107.86;0.19;0.02;0.02;True;False;4
L302;K4 - 887 - D;4.181;0.57;1.16;73.691;20.02;0.21;3.69;797.48;18.21;3.79;156.09;0.2;0.03;0.03;True;False;4
L303;GA1 - 887 - D;169.245;2.462;165.7;112.321;18.85;5.22;5.88;669.85;21.23;5.46;60.47;0.17;0.03;0.03;False;True;4
L304;GA2 - 887 - D;80.661;0.856;95.73;85.024;20.47;3.72;7.84;1046.92;38.33;5.05;114.14;0.24;0.05;0.04;False;True;4
L305;GA3 - 887 - D;139.522;0.714;91.31;85.881;14.19;2.87;3.71;705.95;37.76;5.64;128.46;0.26;0.03;0.04;False;True;4
L306;GA4 - 887 - D;22.695;0.718;23.65;132.031;29.47;1.13;5.07;624.25;45.61;3.86;64.99;0.24;0.04;0.04;False;True;4
L307;K1 - 735 - D;1.833;0.849;2.17;78.223;18.66;0.45;7.95;1309.95;16.5;8.02;47.52;0.32;0.02;0.05;True;False;4
L308;K2 - 735 - D;0.888;0.718;2.03;94.13;29.23;0.21;11.25;1243.47;23.84;4.79;35.03;0.24;0.03;0.03;True;False;4
L309;K3 - 735 - D;0.399;0.799;2.22;104.265;43.88;0.16;11.39;1430.69;38.94;7.46;38.05;0.25;0.03;0.03;True;False;4
L310;K4 - 735 - D;3.001;0.65;1.66;58.658;17.3;0.4;6.85;2228.64;20.37;4.64;77.31;0.22;0.02;0.03;True;False;4
L311;GA1 - 735 - D;10.215;0.718;9.32;38.976;12.77;0.64;9.51;1769.17;32.11;3.13;49.99;0.18;0.02;0.03;False;True;4
L312;GA2 - 735 - D;3.584;0.397;4.09;38.659;14.95;0.37;7.78;3251.03;20.79;7.26;74.25;0.24;0.03;0.03;False;True;4
L313;GA3 - 735 - D;6.737;0.685;6.43;58.565;11.41;0.69;5.42;1020.08;43.87;4.31;33.75;0.29;0.01;0.06;False;True;4
L314;GA4 - 735 - D;70.167;1.074;23.07;55.695;18.93;3.49;9.68;1955.21;22.69;3.45;38.84;0.18;0.03;0.03;False;True;4
L315;K1 - 698 - D;1.455;0.733;3.15;68.751;12.47;0.06;4.81;1469.11;12.12;7.3;36.16;0.31;0.01;0.05;True;False;4
L316;K2 - 698 - D;2.058;0.905;4.01;51.807;10.55;0.07;5.25;1140.08;5.93;7.25;63.8;0.44;0.02;0.09;True;False;4
L317;K3 - 698 - D;0.775;0.886;3.32;63.328;11.02;;4.07;312.82;11.98;4.85;52.33;0.21;0.01;0.05;True;False;4
L318;K4 - 698 - D;2.441;0.773;1.53;47.57;9.25;;5.22;1088.93;19.78;5.81;55.2;0.29;0.02;0.06;True;False;4
L319;GA1 - 698 - D;3.664;0.719;5.01;54.146;10.48;0.04;4.55;1142.77;9.61;6.72;51.59;0.23;0.01;0.03;False;True;4
L320;GA2 - 698 - D;16.182;0.937;20.22;67.323;17.31;0.21;4.7;2094.37;17.54;9.38;42.29;0.52;0.03;0.06;False;True;4
L321;GA3 - 698 - D;57.31;1.601;57.65;53.113;10.35;0.13;5.0;563.19;21.78;6.93;46.69;0.34;0.02;0.08;False;True;4
L322;GA4 - 698 - D;1.655;0.874;0.47;65.381;8.58;0.04;6.16;1622.69;19.23;7.82;39.1;0.35;0.02;0.06;False;True;4
L323;K1 - 680 - D;0.697;0.822;0.92;109.888;28.52;0.94;7.24;510.5;14.3;4.24;127.41;0.31;0.03;0.06;True;False;4
L324;K2 - 680 - D;1.989;0.503;1.23;77.882;20.5;2.28;5.78;1477.16;5.64;13.12;188.92;0.23;0.04;0.05;True;False;4
L325;K3 - 680 - D;0.687;0.385;0.83;79.625;7.61;0.7;10.0;3235.87;14.48;14.83;308.23;0.19;0.03;0.04;True;False;4
L326;K4 - 680 - D;0.192;0.545;2.18;133.976;41.8;0.14;7.55;662.51;3.01;8.11;164.17;0.2;0.05;0.03;True;False;4
L327;GA1 - 680 - D;0.386;0.762;1.74;110.116;26.47;0.26;8.51;861.76;20.42;4.89;137.24;0.24;0.03;0.04;False;True;4
L328;GA2 - 680 - D;0.595;1.153;1.08;88.941;40.31;0.64;6.14;765.42;25.39;4.4;230.35;0.35;0.05;0.06;False;True;4
L329;GA3 - 680 - D;2.989;0.707;10.55;78.914;33.77;0.87;6.4;601.72;30.47;8.1;231.82;0.34;0.04;0.09;False;True;4
L330;GA4 - 680 - D;2.612;0.908;7.9;46.566;36.05;0.72;8.99;882.28;31.79;5.01;135.13;0.25;0.05;0.04;False;True;4
L331;K1 - 402 - D;0.202;1.02;2.79;34.797;35.6;0.08;10.58;886.09;13.74;5.04;42.94;0.2;0.03;0.04;True;False;4
L332;K2 - 402 - D;0.269;0.615;1.0;51.753;35.03;0.05;11.43;1220.29;12.14;10.93;65.3;0.16;0.01;0.03;True;False;4
L333;K3 - 402 - D;0.315;0.9;3.65;53.667;46.91;;9.75;1242.38;12.05;9.01;52.97;0.23;0.03;0.05;True;False;4
L334;K4 - 402 - D;0.099;0.996;1.81;39.885;23.38;0.03;8.09;279.27;18.03;6.11;46.71;0.21;0.01;0.05;True;False;4
L335;GA1 - 402 - D;4.288;1.422;1.39;43.622;22.88;0.08;9.61;522.42;24.22;5.13;59.7;0.25;0.02;0.05;False;True;4
L336;GA2 - 402 - D;1.797;1.189;3.12;48.071;36.54;0.09;9.39;746.49;34.92;8.16;26.99;0.12;0.01;0.03;False;True;4
L337;GA3 - 402 - D;0.383;0.488;0.92;40.387;13.68;0.04;9.08;1190.16;14.89;19.24;92.8;0.27;0.01;0.07;False;True;4
L338;GA4 - 402 - D;2.079;0.697;2.1;25.505;14.94;0.14;13.83;2141.02;13.91;16.7;146.98;0.28;0.02;0.05;False;True;4
L339;K1 - 171 - D;0.736;0.799;2.5;50.676;22.22;0.08;7.83;430.95;1.95;7.53;56.26;0.17;0.04;0.04;True;False;4
L340;K2 - 171 - D;0.181;0.674;0.61;48.048;22.61;0.17;5.5;1839.36;9.38;10.93;59.46;0.14;0.04;0.04;True;False;4
L341;K3 - 171 - D;0.813;0.391;1.65;37.58;22.45;0.12;11.45;2732.56;0.66;4.22;167.93;0.19;0.03;0.04;True;False;4
L342;K4 - 171 - D;0.34;1.17;0.95;40.687;17.92;0.07;6.19;1057.66;19.23;15.39;65.01;0.18;0.04;0.05;True;False;4
L343;GA1 - 171 - D;28.089;1.31;1.07;45.41;22.32;0.41;5.69;482.77;14.89;16.68;55.71;0.22;0.04;0.09;False;True;4
L344;GA2 - 171 - D;2.25;1.127;2.36;39.545;14.2;0.05;7.06;705.1;20.73;11.11;48.82;0.19;0.04;0.06;False;True;4
L345;GA3 - 171 - D;1.597;0.924;5.7;50.0;24.21;0.07;6.2;573.78;16.6;53.13;50.95;0.21;0.04;0.06;False;True;4
L346;GA4 - 171 - D;2.458;0.81;7.82;43.638;23.65;0.1;7.19;1104.75;8.19;23.97;48.06;0.16;0.04;0.04;False;True;4
L347;K1 - 703 - D;1.918;0.497;0.55;21.505;7.81;0.34;1.15;825.11;27.31;15.79;75.07;0.2;0.02;0.04;True;False;4
L348;K2 - 703 - D;4.212;0.461;0.25;22.745;4.86;0.38;1.47;660.95;23.55;10.1;59.99;0.25;0.01;0.06;True;False;4
L349;K3 - 703 - D;1.784;0.524;0.26;23.7;8.27;0.39;1.26;1002.5;13.61;10.37;56.63;0.25;0.02;0.04;True;False;4
L350;K4 - 703 - D;5.361;0.719;0.93;18.953;6.43;0.65;1.11;1341.93;18.13;9.47;50.1;0.24;0.02;0.05;True;False;4
L351;GA1 - 703 - D;1.806;0.508;0.67;20.8;9.03;0.33;1.04;685.64;15.16;13.98;74.15;0.27;0.02;0.05;False;True;4
L352;GA2 - 703 - D;2.315;0.664;1.32;16.512;7.89;0.59;0.91;817.67;15.66;8.99;40.36;0.27;0.02;0.04;False;True;4
L353;GA3 - 703 - D;1.886;0.651;1.3;12.17;8.57;0.36;0.77;1236.14;9.28;14.99;103.72;0.3;0.05;0.06;False;True;4
L354;GA4 - 703 - D;21.894;0.986;17.85;12.547;7.29;1.07;0.72;788.95;11.09;7.11;68.36;0.2;0.02;0.03;False;True;4
L355;K1 - 609 - D;0.997;0.926;1.35;15.788;36.36;0.21;2.39;762.64;10.39;13.09;195.24;0.31;0.04;0.04;True;False;4
L356;K2 - 609 - D;0.21;1.394;0.55;12.054;24.88;0.13;2.42;635.86;21.8;7.86;172.91;0.34;0.02;0.05;True;False;4
L357;K3 - 609 - D;0.199;1.153;;18.835;27.63;0.22;4.51;679.67;8.28;5.83;95.34;0.18;0.02;0.02;True;False;4
L358;K4 - 609 - D;0.69;1.354;0.35;12.48;31.29;0.21;1.86;1300.54;18.39;10.88;248.99;0.31;0.03;0.04;True;False;4
L359;GA1 - 609 - D;5.458;1.211;4.68;11.819;30.49;0.34;2.17;1219.44;52.22;10.12;202.77;0.24;0.04;0.03;False;True;4
L360;GA2 - 609 - D;0.449;1.401;0.96;15.826;25.39;0.08;2.6;902.3;30.42;25.18;181.65;0.35;0.03;0.04;False;True;4
L361;GA3 - 609 - D;0.602;1.02;0.33;13.364;31.9;0.19;2.77;954.52;6.69;14.53;203.1;0.25;0.04;0.03;False;True;4
L362;GA4 - 609 - D;3.768;1.698;5.89;16.05;26.47;0.22;1.64;739.99;47.62;14.79;208.06;0.34;0.04;0.04;False;True;4
L363;K1 - 35 - D;0.096;0.699;;15.863;5.19;0.15;1.11;135.54;4.72;4.69;80.98;0.25;0.05;0.05;True;False;4
L364;K2 - 35 - D;0.071;0.939;;18.526;14.19;0.11;1.91;299.79;14.16;10.31;236.99;0.3;0.07;0.06;True;False;4
L365;K3 - 35 - D;0.166;1.31;;11.271;5.82;0.21;1.01;86.49;12.19;9.86;211.41;0.27;0.04;0.06;True;False;4
L366;K4 - 35 - D;0.422;0.773;;8.17;7.57;0.19;0.85;689.86;12.53;5.42;194.88;0.27;0.05;0.04;True;False;4
L367;GA1 - 35 - D;2.389;1.42;1.31;3.143;2.68;0.13;0.25;106.7;11.65;5.85;117.5;0.26;0.03;0.06;False;True;4
L368;GA2 - 35 - D;90.853;1.484;61.57;3.896;3.16;1.16;0.19;113.27;12.74;2.8;132.93;0.34;0.05;0.06;False;True;4
L369;GA3 - 35 - D;0.37;1.25;0.18;5.785;5.2;0.16;0.54;326.12;2.4;3.37;262.5;0.32;0.08;0.07;False;True;4
L370;GA4 - 35 - D;0.392;0.887;0.28;7.117;5.09;0.11;0.41;437.01;12.81;5.92;250.89;0.31;0.08;0.06;False;True;4
