GA4;
GA1 - 171 ;2.141
GA1 - 35 ;6.413
GA1 - 402 ;0.201
GA1 - 609 ;1.87
GA1 - 680 ;1.963
GA1 - 698 ;1.465
GA1 - 703 ;2.681
GA1 - 735 ;0.886
GA1 - 887 ;6.901
GA2 - 171 ;2.681
GA2 - 35 ;5.555
GA2 - 402 ;0.433
GA2 - 609 ;0.587
GA2 - 680 ;6.411
GA2 - 698 ;1.591
GA2 - 703 ;3.945
GA2 - 735 ;4.083
GA2 - 887 ;5.586
GA3 - 171 ;0.381
GA3 - 35 ;1.733
GA3 - 402 ;0.694
GA3 - 609 ;2.774
GA3 - 680 ;1.301
GA3 - 698 ;5.054
GA3 - 703 ;5.895
GA3 - 735 ;1.967
GA3 - 887 ;5.64
GA4 - 171 ;2.581
GA4 - 35 ;4.743
GA4 - 402 ;2.347
GA4 - 609 ;2.578
GA4 - 680 ;1.893
GA4 - 698 ;2.677
GA4 - 703 ;3.177
GA4 - 735 ;1.994
GA4 - 887 ;4.397
K1 - 171 ;7.335
K1 - 35 ;1.49
K1 - 402 ;2.248
K1 - 609 ;4.837
K1 - 680 ;6.421
K1 - 698 ;1.774
K1 - 703 ;2.595
K1 - 735 ;11.43
K1 - 887 ;0.453
K2 - 171 ;2.772
K2 - 35 ;2.138
K2 - 402 ;1.96
K2 - 609 ;2.078
K2 - 680 ;1.449
K2 - 698 ;2.907
K2 - 703 ;0.794
K2 - 735 ;5.058
K2 - 887 ;0.976
K3 - 171 ;1.937
K3 - 35 ;2.778
K3 - 402 ;1.321
K3 - 609 ;4.664
K3 - 680 ;4.423
K3 - 698 ;0.38
K3 - 703 ;4.017
K3 - 735 ;3.879
K3 - 887 ;9.732
K4 - 171 ;7.705
K4 - 35 ;2.453
K4 - 402 ;1.534
K4 - 609 ;2.064
K4 - 680 ;1.792
K4 - 698 ;2.478
K4 - 703 ;6.186
K4 - 735 ;1.305
K4 - 887 ;7.79
GA1 - 171 ;3.414
GA1 - 35 ;6.009
GA1 - 402 ;1.425
GA1 - 609 ;0.977
GA1 - 680 ;1.673
GA1 - 698 ;2.891
GA1 - 703 ;1.739
GA1 - 735 ;0.823
GA1 - 887 ;3.128
GA2 - 171 ;2.045
GA2 - 35 ;9.069
GA2 - 402 ;1.232
GA2 - 609 ;3.2
GA2 - 680 ;1.001
GA2 - 698 ;1.483
GA2 - 703 ;4.005
GA2 - 735 ;3.07
GA2 - 887 ;2.817
GA3 - 171 ;2.265
GA3 - 35 ;1.268
GA3 - 402 ;1.668
GA3 - 609 ;1.532
GA3 - 680 ;1.601
GA3 - 698 ;3.839
GA3 - 703 ;3.334
GA3 - 735 ;5.251
GA3 - 887 ;8.504
GA4 - 171 ;1.092
GA4 - 35 ;5.44
GA4 - 402 ;2.301
GA4 - 609 ;3.39
GA4 - 680 ;0.89
GA4 - 698 ;0.976
GA4 - 703 ;2.523
GA4 - 735 ;6.045
GA4 - 887 ;4.655
K1 - 171 ;2.741
K1 - 35 ;2.161
K1 - 402 ;0.838
K1 - 609 ;1.383
K1 - 680 ;1.486
K1 - 698 ;1.676
K1 - 703 ;4.95
K1 - 735 ;8.962
K1 - 887 ;0.383
K2 - 171 ;2.705
K2 - 35 ;5.458
K2 - 402 ;0.563
K2 - 609 ;8.807
K2 - 680 ;3.73
K2 - 698 ;6.193
K2 - 703 ;3.064
K2 - 735 ;3.533
K2 - 887 ;0.602
K3 - 171 ;2.58
K3 - 35 ;4.518
K3 - 402 ;3.063
K3 - 609 ;6.447
K3 - 680 ;1.334
K3 - 698 ;1.256
K3 - 703 ;3.229
K3 - 735 ;4.463
K3 - 887 ;0.266
K4 - 171 ;3.073
K4 - 35 ;3.027
K4 - 402 ;0.916
K4 - 609 ;4.623
K4 - 680 ;2.109
K4 - 698 ;1.648
K4 - 703 ;2.781
K4 - 735 ;3.208
K4 - 887 ;1.828
GA1 - 171 ;1.319
GA1 - 35 ;2.372
GA1 - 402 ;171.245
GA1 - 609 ;2.502
GA1 - 680 ;0.745
GA1 - 698 ;193.956
GA1 - 703 ;6.845
GA1 - 735 ;14.23
GA1 - 887 ;8.616
GA2 - 171 ;0.7
GA2 - 35 ;51.361
GA2 - 402 ;4.731
GA2 - 609 ;11.689
GA2 - 680 ;0.905
GA2 - 698 ;5.852
GA2 - 703 ;2.712
GA2 - 735 ;13.403
GA2 - 887 ;18.034
GA3 - 171 ;3.473
GA3 - 35 ;3.95
GA3 - 402 ;7.513
GA3 - 609 ;12.17
GA3 - 680 ;52.055
GA3 - 698 ;0.17
GA3 - 703 ;5.827
GA3 - 735 ;161.416
GA3 - 887 ;26.626
GA4 - 171 ;18.301
GA4 - 35 ;4.326
GA4 - 402 ;0.698
GA4 - 609 ;9.786
GA4 - 680 ;18.911
GA4 - 698 ;0.794
GA4 - 703 ;1.595
GA4 - 735 ;177.246
GA4 - 887 ;45.223
K1 - 171 ;1.243
K1 - 35 ;0.116
K1 - 402 ;0.509
K1 - 609 ;2.839
K1 - 680 ;0.84
K1 - 698 ;0.9
K1 - 703 ;3.657
K1 - 735 ;4.151
K1 - 887 ;3.722
K2 - 171 ;0.487
K2 - 35 ;0.72
K2 - 402 ;0.85
K2 - 609 ;0.662
K2 - 680 ;0.83
K2 - 698 ;0.387
K2 - 703 ;3.255
K2 - 735 ;3.316
K2 - 887 ;0.928
K3 - 171 ;3.876
K3 - 35 ;0.958
K3 - 402 ;0.238
K3 - 609 ;0.275
K3 - 680 ;0.083
K3 - 698 ;0.925
K3 - 703 ;0.813
K3 - 735 ;3.388
K3 - 887 ;9.844
K4 - 171 ;0.385
K4 - 35 ;0.908
K4 - 402 ;0.461
K4 - 609 ;2.033
K4 - 680 ;0.801
K4 - 698 ;1.307
K4 - 703 ;5.043
K4 - 735 ;3.592
K4 - 887 ;3.934
GA1 - 171 ;28.089
GA1 - 35 ;2.389
GA1 - 402 ;4.288
GA1 - 609 ;5.458
GA1 - 680 ;0.386
GA1 - 698 ;3.664
GA1 - 703 ;1.806
GA1 - 735 ;10.215
GA1 - 887 ;169.245
GA2 - 171 ;2.25
GA2 - 35 ;90.853
GA2 - 402 ;1.797
GA2 - 609 ;0.449
GA2 - 680 ;0.595
GA2 - 698 ;16.182
GA2 - 703 ;2.315
GA2 - 735 ;3.584
GA2 - 887 ;80.661
GA3 - 171 ;1.597
GA3 - 35 ;0.37
GA3 - 402 ;0.383
GA3 - 609 ;0.602
GA3 - 680 ;2.989
GA3 - 698 ;57.31
GA3 - 703 ;1.886
GA3 - 735 ;6.737
GA3 - 887 ;139.522
GA4 - 171 ;2.458
GA4 - 35 ;0.392
GA4 - 402 ;2.079
GA4 - 609 ;3.768
GA4 - 680 ;2.612
GA4 - 698 ;1.655
GA4 - 703 ;21.894
GA4 - 735 ;70.167
GA4 - 887 ;22.695
K1 - 171 ;0.736
K1 - 35 ;0.096
K1 - 402 ;0.202
K1 - 609 ;0.997
K1 - 680 ;0.697
K1 - 698 ;1.455
K1 - 703 ;1.918
K1 - 735 ;1.833
K1 - 887 ;1.475
K2 - 171 ;0.181
K2 - 35 ;0.071
K2 - 402 ;0.269
K2 - 609 ;0.21
K2 - 680 ;1.989
K2 - 698 ;2.058
K2 - 703 ;4.212
K2 - 735 ;0.888
K2 - 887 ;10.684
K3 - 171 ;0.813
K3 - 35 ;0.166
K3 - 402 ;0.315
K3 - 609 ;0.199
K3 - 680 ;0.687
K3 - 698 ;0.775
K3 - 703 ;1.784
K3 - 735 ;0.399
K3 - 887 ;1.125
K4 - 171 ;0.34
K4 - 35 ;0.422
K4 - 402 ;0.099
K4 - 609 ;0.69
K4 - 680 ;0.192
K4 - 698 ;2.441
K4 - 703 ;5.361
K4 - 735 ;3.001
K4 - 887 ;4.181
;
GA1;
GA1 - 171 ;1.031
GA1 - 35 ;0.661
GA1 - 402 ;1.323
GA1 - 609 ;0.5
GA1 - 680 ;0.728
GA1 - 698 ;7.359
GA1 - 703 ;0.525
GA1 - 735 ;0.077
GA1 - 887 ;0.142
GA2 - 171 ;0.46
GA2 - 35 ;0.681
GA2 - 402 ;0.817
GA2 - 609 ;0.589
GA2 - 680 ;0.742
GA2 - 698 ;0.449
GA2 - 703 ;0.345
GA2 - 735 ;0.288
GA2 - 887 ;0.3
GA3 - 171 ;0.767
GA3 - 35 ;0.813
GA3 - 402 ;1.145
GA3 - 609 ;0.604
GA3 - 680 ;0.414
GA3 - 698 ;0.369
GA3 - 703 ;0.509
GA3 - 735 ;0.298
GA3 - 887 ;0.269
GA4 - 171 ;0.628
GA4 - 35 ;0.475
GA4 - 402 ;0.775
GA4 - 609 ;0.485
GA4 - 680 ;0.767
GA4 - 698 ;0.485
GA4 - 703 ;0.402
GA4 - 735 ;0.158
GA4 - 887 ;0.194
K1 - 171 ;0.923
K1 - 35 ;0.623
K1 - 402 ;1.14
K1 - 609 ;0.429
K1 - 680 ;0.588
K1 - 698 ;0.501
K1 - 703 ;0.38
K1 - 735 ;0.285
K1 - 887 ;0.092
K2 - 171 ;0.566
K2 - 35 ;0.455
K2 - 402 ;1.411
K2 - 609 ;0.731
K2 - 680 ;0.561
K2 - 698 ;0.487
K2 - 703 ;0.186
K2 - 735 ;0.248
K2 - 887 ;0.235
K3 - 171 ;0.476
K3 - 35 ;0.459
K3 - 402 ;0.999
K3 - 609 ;0.524
K3 - 680 ;0.62
K3 - 698 ;0.185
K3 - 703 ;0.377
K3 - 735 ;0.5
K3 - 887 ;0.151
K4 - 171 ;0.636
K4 - 35 ;0.33
K4 - 402 ;1.243
K4 - 609 ;0.572
K4 - 680 ;0.523
K4 - 698 ;0.594
K4 - 703 ;0.193
K4 - 735 ;0.316
K4 - 887 ;0.041
GA1 - 171 ;0.393
GA1 - 35 ;0.694
GA1 - 402 ;0.684
GA1 - 609 ;0.525
GA1 - 680 ;0.539
GA1 - 698 ;0.243
GA1 - 703 ;0.389
GA1 - 735 ;0.171
GA1 - 887 ;0.181
GA2 - 171 ;0.574
GA2 - 35 ;0.418
GA2 - 402 ;0.712
GA2 - 609 ;0.688
GA2 - 680 ;0.606
GA2 - 698 ;0.546
GA2 - 703 ;0.204
GA2 - 735 ;0.339
GA2 - 887 ;0.196
GA3 - 171 ;0.408
GA3 - 35 ;0.827
GA3 - 402 ;0.666
GA3 - 609 ;0.893
GA3 - 680 ;0.303
GA3 - 698 ;0.314
GA3 - 703 ;0.284
GA3 - 735 ;0.315
GA3 - 887 ;0.181
GA4 - 171 ;0.366
GA4 - 35 ;0.725
GA4 - 402 ;0.637
GA4 - 609 ;0.512
GA4 - 680 ;0.438
GA4 - 698 ;0.569
GA4 - 703 ;0.371
GA4 - 735 ;0.304
GA4 - 887 ;0.386
K1 - 171 ;0.441
K1 - 35 ;0.562
K1 - 402 ;0.674
K1 - 609 ;0.515
K1 - 680 ;0.697
K1 - 698 ;0.549
K1 - 703 ;0.298
K1 - 735 ;0.38
K1 - 887 ;0.131
K2 - 171 ;0.498
K2 - 35 ;0.529
K2 - 402 ;0.702
K2 - 609 ;0.848
K2 - 680 ;0.488
K2 - 698 ;0.425
K2 - 703 ;0.328
K2 - 735 ;0.637
K2 - 887 ;0.113
K3 - 171 ;0.408
K3 - 35 ;0.511
K3 - 402 ;0.847
K3 - 609 ;0.887
K3 - 680 ;0.576
K3 - 698 ;0.354
K3 - 703 ;0.252
K3 - 735 ;0.582
K3 - 887 ;0.114
K4 - 171 ;0.551
K4 - 35 ;0.453
K4 - 402 ;0.814
K4 - 609 ;0.813
K4 - 680 ;0.611
K4 - 698 ;0.478
K4 - 703 ;0.338
K4 - 735 ;0.421
K4 - 887 ;0.131
GA1 - 171 ;0.347
GA1 - 35 ;0.452
GA1 - 402 ;1.651
GA1 - 609 ;0.777
GA1 - 680 ;0.443
GA1 - 698 ;0.309
GA1 - 703 ;0.347
GA1 - 735 ;0.398
GA1 - 887 ;0.357
GA2 - 171 ;0.485
GA2 - 35 ;1.059
GA2 - 402 ;0.272
GA2 - 609 ;0.956
GA2 - 680 ;0.543
GA2 - 698 ;0.582
GA2 - 703 ;0.392
GA2 - 735 ;0.557
GA2 - 887 ;0.394
GA3 - 171 ;0.63
GA3 - 35 ;0.646
GA3 - 402 ;0.305
GA3 - 609 ;0.708
GA3 - 680 ;0.572
GA3 - 698 ;0.576
GA3 - 703 ;0.333
GA3 - 735 ;0.608
GA3 - 887 ;0.615
GA4 - 171 ;0.885
GA4 - 35 ;0.474
GA4 - 402 ;1.177
GA4 - 609 ;1.012
GA4 - 680 ;1.296
GA4 - 698 ;0.633
GA4 - 703 ;0.341
GA4 - 735 ;0.636
GA4 - 887 ;0.389
K1 - 171 ;0.558
K1 - 35 ;0.767
K1 - 402 ;0.975
K1 - 609 ;0.741
K1 - 680 ;0.625
K1 - 698 ;0.517
K1 - 703 ;0.372
K1 - 735 ;0.518
K1 - 887 ;0.396
K2 - 171 ;0.366
K2 - 35 ;0.72
K2 - 402 ;1.029
K2 - 609 ;0.621
K2 - 680 ;0.201
K2 - 698 ;0.51
K2 - 703 ;0.335
K2 - 735 ;0.617
K2 - 887 ;0.744
K3 - 171 ;0.579
K3 - 35 ;0.459
K3 - 402 ;0.805
K3 - 609 ;1.436
K3 - 680 ;0.375
K3 - 698 ;0.644
K3 - 703 ;0.253
K3 - 735 ;0.577
K3 - 887 ;0.267
K4 - 171 ;0.451
K4 - 35 ;0.438
K4 - 402 ;1.39
K4 - 609 ;1.382
K4 - 680 ;0.777
K4 - 698 ;0.682
K4 - 703 ;0.618
K4 - 735 ;0.539
K4 - 887 ;0.203
GA1 - 171 ;1.31
GA1 - 35 ;1.42
GA1 - 402 ;1.422
GA1 - 609 ;1.211
GA1 - 680 ;0.762
GA1 - 698 ;0.719
GA1 - 703 ;0.508
GA1 - 735 ;0.718
GA1 - 887 ;2.462
GA2 - 171 ;1.127
GA2 - 35 ;1.484
GA2 - 402 ;1.189
GA2 - 609 ;1.401
GA2 - 680 ;1.153
GA2 - 698 ;0.937
GA2 - 703 ;0.664
GA2 - 735 ;0.397
GA2 - 887 ;0.856
GA3 - 171 ;0.924
GA3 - 35 ;1.25
GA3 - 402 ;0.488
GA3 - 609 ;1.02
GA3 - 680 ;0.707
GA3 - 698 ;1.601
GA3 - 703 ;0.651
GA3 - 735 ;0.685
GA3 - 887 ;0.714
GA4 - 171 ;0.81
GA4 - 35 ;0.887
GA4 - 402 ;0.697
GA4 - 609 ;1.698
GA4 - 680 ;0.908
GA4 - 698 ;0.874
GA4 - 703 ;0.986
GA4 - 735 ;1.074
GA4 - 887 ;0.718
K1 - 171 ;0.799
K1 - 35 ;0.699
K1 - 402 ;1.02
K1 - 609 ;0.926
K1 - 680 ;0.822
K1 - 698 ;0.733
K1 - 703 ;0.497
K1 - 735 ;0.849
K1 - 887 ;0.266
K2 - 171 ;0.674
K2 - 35 ;0.939
K2 - 402 ;0.615
K2 - 609 ;1.394
K2 - 680 ;0.503
K2 - 698 ;0.905
K2 - 703 ;0.461
K2 - 735 ;0.718
K2 - 887 ;0.576
K3 - 171 ;0.391
K3 - 35 ;1.31
K3 - 402 ;0.9
K3 - 609 ;1.153
K3 - 680 ;0.385
K3 - 698 ;0.886
K3 - 703 ;0.524
K3 - 735 ;0.799
K3 - 887 ;0.627
K4 - 171 ;1.17
K4 - 35 ;0.773
K4 - 402 ;0.996
K4 - 609 ;1.354
K4 - 680 ;0.545
K4 - 698 ;0.773
K4 - 703 ;0.719
K4 - 735 ;0.65
K4 - 887 ;0.57
;
GA7;
GA1 - 171 ;3.01
GA1 - 35 ;2.5
GA1 - 402 ;2.86
GA1 - 609 ;2.85
GA1 - 680 ;0.77
GA1 - 698 ;1.27
GA1 - 703 ;1.71
GA1 - 735 ;0.34
GA1 - 887 ;1.89
GA2 - 171 ;3.37
GA2 - 35 ;3.15
GA2 - 402 ;3.34
GA2 - 609 ;5.94
GA2 - 680 ;2.34
GA2 - 698 ;1.33
GA2 - 703 ;1.78
GA2 - 735 ;0.74
GA2 - 887 ;4.7
GA3 - 171 ;3.02
GA3 - 35 ;1.75
GA3 - 402 ;1.74
GA3 - 609 ;3.74
GA3 - 680 ;1.69
GA3 - 698 ;2.2
GA3 - 703 ;3.44
GA3 - 735 ;1.47
GA3 - 887 ;1.8
GA4 - 171 ;0.55
GA4 - 35 ;1.37
GA4 - 402 ;3.33
GA4 - 609 ;9.6
GA4 - 680 ;2.67
GA4 - 698 ;1.36
GA4 - 703 ;2.08
GA4 - 735 ;0.63
GA4 - 887 ;3.27
K1 - 171 ;3.47
K1 - 35 ;1.49
K1 - 402 ;2.4
K1 - 609 ;4.49
K1 - 680 ;1.75
K1 - 698 ;1.28
K1 - 703 ;3.04
K1 - 735 ;1.46
K1 - 887 ;0.42
K2 - 171 ;4.11
K2 - 35 ;5.73
K2 - 402 ;1.85
K2 - 609 ;3.08
K2 - 680 ;1.69
K2 - 698 ;1.14
K2 - 703 ;0.75
K2 - 735 ;0.26
K2 - 887 ;0.37
K3 - 171 ;3.76
K3 - 35 ;5.44
K3 - 402 ;3.49
K3 - 609 ;3.26
K3 - 680 ;3.08
K3 - 698 ;0.4
K3 - 703 ;1.67
K3 - 735 ;0.85
K3 - 887 ;0.57
K4 - 171 ;4.27
K4 - 35 ;2.27
K4 - 402 ;2.39
K4 - 609 ;2.81
K4 - 680 ;1.56
K4 - 698 ;1.41
K4 - 703 ;2.52
K4 - 735 ;1.49
K4 - 887 ;0.5
GA1 - 171 ;2.36
GA1 - 35 ;3.37
GA1 - 402 ;1.59
GA1 - 609 ;2.34
GA1 - 680 ;1.08
GA1 - 698 ;1.09
GA1 - 703 ;2.52
GA1 - 735 ;1.51
GA1 - 887 ;1.94
GA2 - 171 ;2.61
GA2 - 35 ;6.34
GA2 - 402 ;1.86
GA2 - 609 ;3.72
GA2 - 680 ;1.42
GA2 - 698 ;2.27
GA2 - 703 ;3.47
GA2 - 735 ;0.79
GA2 - 887 ;1.6
GA3 - 171 ;3.1
GA3 - 35 ;2.55
GA3 - 402 ;1.16
GA3 - 609 ;5.96
GA3 - 680 ;0.49
GA3 - 698 ;1.97
GA3 - 703 ;3.83
GA3 - 735 ;1.26
GA3 - 887 ;0.49
GA4 - 171 ;4.0
GA4 - 35 ;4.75
GA4 - 402 ;2.36
GA4 - 609 ;2.31
GA4 - 680 ;3.17
GA4 - 698 ;1.95
GA4 - 703 ;3.36
GA4 - 735 ;1.71
GA4 - 887 ;2.69
K1 - 171 ;1.99
K1 - 35 ;2.5
K1 - 402 ;1.34
K1 - 609 ;2.73
K1 - 680 ;2.93
K1 - 698 ;1.66
K1 - 703 ;3.93
K1 - 735 ;0.86
K1 - 887 ;0.57
K2 - 171 ;1.59
K2 - 35 ;3.02
K2 - 402 ;2.08
K2 - 609 ;0.81
K2 - 680 ;1.58
K2 - 698 ;1.15
K2 - 703 ;2.77
K2 - 735 ;0.73
K2 - 887 ;0.94
K3 - 171 ;1.97
K3 - 35 ;3.05
K3 - 402 ;4.54
K3 - 609 ;1.89
K3 - 680 ;1.09
K3 - 698 ;1.34
K3 - 703 ;1.47
K3 - 735 ;0.82
K3 - 887 ;0.73
K4 - 171 ;1.5
K4 - 35 ;1.33
K4 - 402 ;1.95
K4 - 609 ;1.74
K4 - 680 ;2.39
K4 - 698 ;2.85
K4 - 703 ;3.07
K4 - 735 ;0.95
K4 - 887 ;1.1
GA1 - 171 ;3.08
GA1 - 35 ;4.69
GA1 - 402 ;163.01
GA1 - 609 ;5.12
GA1 - 680 ;1.21
GA1 - 698 ;230.22
GA1 - 703 ;6.9
GA1 - 735 ;3.23
GA1 - 887 ;9.94
GA2 - 171 ;2.81
GA2 - 35 ;79.02
GA2 - 402 ;9.02
GA2 - 609 ;19.21
GA2 - 680 ;0.86
GA2 - 698 ;7.07
GA2 - 703 ;2.98
GA2 - 735 ;9.71
GA2 - 887 ;25.15
GA3 - 171 ;8.93
GA3 - 35 ;4.62
GA3 - 402 ;6.01
GA3 - 609 ;7.8
GA3 - 680 ;27.55
GA3 - 698 ;1.84
GA3 - 703 ;0.65
GA3 - 735 ;170.29
GA3 - 887 ;36.86
GA4 - 171 ;29.37
GA4 - 35 ;7.29
GA4 - 402 ;1.57
GA4 - 609 ;8.01
GA4 - 680 ;31.18
GA4 - 698 ;3.96
GA4 - 703 ;5.31
GA4 - 735 ;83.14
GA4 - 887 ;54.03
K1 - 171 ;1.77
K1 - 35 ;3.29
K1 - 402 ;2.09
K1 - 609 ;1.4
K1 - 680 ;5.61
K1 - 698 ;1.31
K1 - 703 ;0.61
K1 - 735 ;0.78
K1 - 887 ;1.11
K2 - 171 ;0.46
K2 - 35 ;1.19
K2 - 402 ;1.76
K2 - 609 ;
K2 - 680 ;2.08
K2 - 698 ;0.36
K2 - 703 ;1.16
K2 - 735 ;0.32
K2 - 887 ;0.88
K3 - 171 ;0.92
K3 - 35 ;0.29
K3 - 402 ;1.83
K3 - 609 ;0.72
K3 - 680 ;1.53
K3 - 698 ;0.48
K3 - 703 ;1.66
K3 - 735 ;0.5
K3 - 887 ;0.81
K4 - 171 ;0.75
K4 - 35 ;1.61
K4 - 402 ;1.71
K4 - 609 ;1.19
K4 - 680 ;2.1
K4 - 698 ;0.57
K4 - 703 ;1.07
K4 - 735 ;0.87
K4 - 887 ;0.4
GA1 - 171 ;1.07
GA1 - 35 ;1.31
GA1 - 402 ;1.39
GA1 - 609 ;4.68
GA1 - 680 ;1.74
GA1 - 698 ;5.01
GA1 - 703 ;0.67
GA1 - 735 ;9.32
GA1 - 887 ;165.7
GA2 - 171 ;2.36
GA2 - 35 ;61.57
GA2 - 402 ;3.12
GA2 - 609 ;0.96
GA2 - 680 ;1.08
GA2 - 698 ;20.22
GA2 - 703 ;1.32
GA2 - 735 ;4.09
GA2 - 887 ;95.73
GA3 - 171 ;5.7
GA3 - 35 ;0.18
GA3 - 402 ;0.92
GA3 - 609 ;0.33
GA3 - 680 ;10.55
GA3 - 698 ;57.65
GA3 - 703 ;1.3
GA3 - 735 ;6.43
GA3 - 887 ;91.31
GA4 - 171 ;7.82
GA4 - 35 ;0.28
GA4 - 402 ;2.1
GA4 - 609 ;5.89
GA4 - 680 ;7.9
GA4 - 698 ;0.47
GA4 - 703 ;17.85
GA4 - 735 ;23.07
GA4 - 887 ;23.65
K1 - 171 ;2.5
K1 - 35 ;
K1 - 402 ;2.79
K1 - 609 ;1.35
K1 - 680 ;0.92
K1 - 698 ;3.15
K1 - 703 ;0.55
K1 - 735 ;2.17
K1 - 887 ;3.46
K2 - 171 ;0.61
K2 - 35 ;
K2 - 402 ;1.0
K2 - 609 ;0.55
K2 - 680 ;1.23
K2 - 698 ;4.01
K2 - 703 ;0.25
K2 - 735 ;2.03
K2 - 887 ;3.84
K3 - 171 ;1.65
K3 - 35 ;
K3 - 402 ;3.65
K3 - 609 ;
K3 - 680 ;0.83
K3 - 698 ;3.32
K3 - 703 ;0.26
K3 - 735 ;2.22
K3 - 887 ;4.54
K4 - 171 ;0.95
K4 - 35 ;
K4 - 402 ;1.81
K4 - 609 ;0.35
K4 - 680 ;2.18
K4 - 698 ;1.53
K4 - 703 ;0.93
K4 - 735 ;1.66
K4 - 887 ;1.16
;
GA3;
GA1 - 171 ;80.409
GA1 - 35 ;45.756
GA1 - 402 ;71.813
GA1 - 609 ;60.54
GA1 - 680 ;110.429
GA1 - 698 ;31.675
GA1 - 703 ;46.661
GA1 - 735 ;28.272
GA1 - 887 ;22.218
GA2 - 171 ;75.756
GA2 - 35 ;35.661
GA2 - 402 ;75.639
GA2 - 609 ;55.703
GA2 - 680 ;101.828
GA2 - 698 ;50.438
GA2 - 703 ;50.706
GA2 - 735 ;54.129
GA2 - 887 ;35.117
GA3 - 171 ;84.373
GA3 - 35 ;44.457
GA3 - 402 ;85.944
GA3 - 609 ;54.348
GA3 - 680 ;88.542
GA3 - 698 ;92.366
GA3 - 703 ;38.788
GA3 - 735 ;68.149
GA3 - 887 ;37.68
GA4 - 171 ;61.786
GA4 - 35 ;58.685
GA4 - 402 ;63.655
GA4 - 609 ;71.485
GA4 - 680 ;116.463
GA4 - 698 ;80.844
GA4 - 703 ;49.294
GA4 - 735 ;59.91
GA4 - 887 ;40.464
K1 - 171 ;78.551
K1 - 35 ;54.708
K1 - 402 ;62.932
K1 - 609 ;57.507
K1 - 680 ;118.642
K1 - 698 ;108.281
K1 - 703 ;35.494
K1 - 735 ;88.291
K1 - 887 ;18.974
K2 - 171 ;82.818
K2 - 35 ;50.085
K2 - 402 ;85.379
K2 - 609 ;53.392
K2 - 680 ;102.748
K2 - 698 ;81.246
K2 - 703 ;9.816
K2 - 735 ;70.142
K2 - 887 ;38.549
K3 - 171 ;79.452
K3 - 35 ;52.703
K3 - 402 ;70.122
K3 - 609 ;61.779
K3 - 680 ;102.578
K3 - 698 ;41.126
K3 - 703 ;51.597
K3 - 735 ;70.327
K3 - 887 ;16.559
K4 - 171 ;66.546
K4 - 35 ;66.397
K4 - 402 ;61.841
K4 - 609 ;59.122
K4 - 680 ;111.768
K4 - 698 ;104.799
K4 - 703 ;34.728
K4 - 735 ;64.283
K4 - 887 ;17.761
GA1 - 171 ;61.558
GA1 - 35 ;92.481
GA1 - 402 ;65.497
GA1 - 609 ;88.798
GA1 - 680 ;134.568
GA1 - 698 ;50.586
GA1 - 703 ;63.526
GA1 - 735 ;46.176
GA1 - 887 ;28.019
GA2 - 171 ;73.642
GA2 - 35 ;59.004
GA2 - 402 ;68.394
GA2 - 609 ;80.253
GA2 - 680 ;76.198
GA2 - 698 ;47.991
GA2 - 703 ;56.295
GA2 - 735 ;45.698
GA2 - 887 ;21.598
GA3 - 171 ;86.543
GA3 - 35 ;67.676
GA3 - 402 ;68.59
GA3 - 609 ;64.542
GA3 - 680 ;52.42
GA3 - 698 ;69.527
GA3 - 703 ;43.961
GA3 - 735 ;74.899
GA3 - 887 ;31.491
GA4 - 171 ;74.916
GA4 - 35 ;63.756
GA4 - 402 ;61.614
GA4 - 609 ;58.121
GA4 - 680 ;79.856
GA4 - 698 ;61.293
GA4 - 703 ;52.185
GA4 - 735 ;57.755
GA4 - 887 ;42.95
K1 - 171 ;72.245
K1 - 35 ;81.156
K1 - 402 ;45.702
K1 - 609 ;70.836
K1 - 680 ;92.503
K1 - 698 ;76.664
K1 - 703 ;41.626
K1 - 735 ;46.771
K1 - 887 ;11.971
K2 - 171 ;72.383
K2 - 35 ;81.299
K2 - 402 ;62.008
K2 - 609 ;68.727
K2 - 680 ;92.364
K2 - 698 ;61.728
K2 - 703 ;43.077
K2 - 735 ;70.341
K2 - 887 ;13.465
K3 - 171 ;76.025
K3 - 35 ;43.82
K3 - 402 ;50.492
K3 - 609 ;94.305
K3 - 680 ;109.764
K3 - 698 ;70.999
K3 - 703 ;35.213
K3 - 735 ;53.068
K3 - 887 ;20.042
K4 - 171 ;86.516
K4 - 35 ;54.016
K4 - 402 ;52.428
K4 - 609 ;62.54
K4 - 680 ;81.472
K4 - 698 ;77.765
K4 - 703 ;58.583
K4 - 735 ;50.315
K4 - 887 ;27.846
GA1 - 171 ;43.698
GA1 - 35 ;94.104
GA1 - 402 ;74.838
GA1 - 609 ;86.936
GA1 - 680 ;177.185
GA1 - 698 ;56.441
GA1 - 703 ;58.114
GA1 - 735 ;82.54
GA1 - 887 ;60.151
GA2 - 171 ;78.009
GA2 - 35 ;92.02
GA2 - 402 ;46.655
GA2 - 609 ;112.023
GA2 - 680 ;190.168
GA2 - 698 ;68.039
GA2 - 703 ;71.087
GA2 - 735 ;66.394
GA2 - 887 ;57.14
GA3 - 171 ;73.004
GA3 - 35 ;88.317
GA3 - 402 ;32.381
GA3 - 609 ;85.654
GA3 - 680 ;162.081
GA3 - 698 ;97.424
GA3 - 703 ;37.182
GA3 - 735 ;82.599
GA3 - 887 ;84.289
GA4 - 171 ;95.714
GA4 - 35 ;93.105
GA4 - 402 ;97.042
GA4 - 609 ;91.606
GA4 - 680 ;161.953
GA4 - 698 ;91.945
GA4 - 703 ;52.081
GA4 - 735 ;80.865
GA4 - 887 ;66.708
K1 - 171 ;78.273
K1 - 35 ;105.706
K1 - 402 ;92.983
K1 - 609 ;63.553
K1 - 680 ;163.368
K1 - 698 ;94.861
K1 - 703 ;53.989
K1 - 735 ;58.33
K1 - 887 ;77.419
K2 - 171 ;52.853
K2 - 35 ;103.707
K2 - 402 ;80.563
K2 - 609 ;65.715
K2 - 680 ;71.51
K2 - 698 ;69.345
K2 - 703 ;59.078
K2 - 735 ;91.107
K2 - 887 ;96.626
K3 - 171 ;80.154
K3 - 35 ;111.104
K3 - 402 ;90.108
K3 - 609 ;102.452
K3 - 680 ;78.284
K3 - 698 ;100.677
K3 - 703 ;80.038
K3 - 735 ;78.068
K3 - 887 ;55.699
K4 - 171 ;94.122
K4 - 35 ;108.938
K4 - 402 ;72.231
K4 - 609 ;107.63
K4 - 680 ;153.927
K4 - 698 ;93.039
K4 - 703 ;86.403
K4 - 735 ;52.859
K4 - 887 ;45.178
GA1 - 171 ;45.41
GA1 - 35 ;3.143
GA1 - 402 ;43.622
GA1 - 609 ;11.819
GA1 - 680 ;110.116
GA1 - 698 ;54.146
GA1 - 703 ;20.8
GA1 - 735 ;38.976
GA1 - 887 ;112.321
GA2 - 171 ;39.545
GA2 - 35 ;3.896
GA2 - 402 ;48.071
GA2 - 609 ;15.826
GA2 - 680 ;88.941
GA2 - 698 ;67.323
GA2 - 703 ;16.512
GA2 - 735 ;38.659
GA2 - 887 ;85.024
GA3 - 171 ;50.0
GA3 - 35 ;5.785
GA3 - 402 ;40.387
GA3 - 609 ;13.364
GA3 - 680 ;78.914
GA3 - 698 ;53.113
GA3 - 703 ;12.17
GA3 - 735 ;58.565
GA3 - 887 ;85.881
GA4 - 171 ;43.638
GA4 - 35 ;7.117
GA4 - 402 ;25.505
GA4 - 609 ;16.05
GA4 - 680 ;46.566
GA4 - 698 ;65.381
GA4 - 703 ;12.547
GA4 - 735 ;55.695
GA4 - 887 ;132.031
K1 - 171 ;50.676
K1 - 35 ;15.863
K1 - 402 ;34.797
K1 - 609 ;15.788
K1 - 680 ;109.888
K1 - 698 ;68.751
K1 - 703 ;21.505
K1 - 735 ;78.223
K1 - 887 ;31.829
K2 - 171 ;48.048
K2 - 35 ;18.526
K2 - 402 ;51.753
K2 - 609 ;12.054
K2 - 680 ;77.882
K2 - 698 ;51.807
K2 - 703 ;22.745
K2 - 735 ;94.13
K2 - 887 ;81.384
K3 - 171 ;37.58
K3 - 35 ;11.271
K3 - 402 ;53.667
K3 - 609 ;18.835
K3 - 680 ;79.625
K3 - 698 ;63.328
K3 - 703 ;23.7
K3 - 735 ;104.265
K3 - 887 ;69.336
K4 - 171 ;40.687
K4 - 35 ;8.17
K4 - 402 ;39.885
K4 - 609 ;12.48
K4 - 680 ;133.976
K4 - 698 ;47.57
K4 - 703 ;18.953
K4 - 735 ;58.658
K4 - 887 ;73.691
;
GA5;
GA1 - 171 ;21.56
GA1 - 35 ;8.87
GA1 - 402 ;13.9
GA1 - 609 ;16.64
GA1 - 680 ;13.4
GA1 - 698 ;2.15
GA1 - 703 ;5.14
GA1 - 735 ;2.94
GA1 - 887 ;5.91
GA2 - 171 ;17.23
GA2 - 35 ;5.51
GA2 - 402 ;14.73
GA2 - 609 ;13.46
GA2 - 680 ;11.94
GA2 - 698 ;4.67
GA2 - 703 ;8.81
GA2 - 735 ;9.5
GA2 - 887 ;7.16
GA3 - 171 ;20.65
GA3 - 35 ;5.46
GA3 - 402 ;32.25
GA3 - 609 ;12.68
GA3 - 680 ;11.33
GA3 - 698 ;5.75
GA3 - 703 ;6.12
GA3 - 735 ;11.36
GA3 - 887 ;9.82
GA4 - 171 ;27.64
GA4 - 35 ;10.07
GA4 - 402 ;15.65
GA4 - 609 ;22.18
GA4 - 680 ;15.05
GA4 - 698 ;7.79
GA4 - 703 ;6.43
GA4 - 735 ;8.46
GA4 - 887 ;15.73
K1 - 171 ;20.69
K1 - 35 ;4.11
K1 - 402 ;19.87
K1 - 609 ;8.0
K1 - 680 ;15.66
K1 - 698 ;8.58
K1 - 703 ;4.76
K1 - 735 ;9.59
K1 - 887 ;9.16
K2 - 171 ;24.32
K2 - 35 ;5.43
K2 - 402 ;24.45
K2 - 609 ;21.13
K2 - 680 ;14.84
K2 - 698 ;6.75
K2 - 703 ;1.51
K2 - 735 ;11.43
K2 - 887 ;15.07
K3 - 171 ;25.71
K3 - 35 ;3.46
K3 - 402 ;19.78
K3 - 609 ;15.42
K3 - 680 ;13.6
K3 - 698 ;5.67
K3 - 703 ;5.94
K3 - 735 ;11.93
K3 - 887 ;3.85
K4 - 171 ;17.27
K4 - 35 ;5.45
K4 - 402 ;20.39
K4 - 609 ;13.59
K4 - 680 ;17.34
K4 - 698 ;5.54
K4 - 703 ;3.68
K4 - 735 ;10.05
K4 - 887 ;5.63
GA1 - 171 ;12.23
GA1 - 35 ;12.25
GA1 - 402 ;11.99
GA1 - 609 ;17.04
GA1 - 680 ;19.34
GA1 - 698 ;3.41
GA1 - 703 ;6.83
GA1 - 735 ;7.61
GA1 - 887 ;7.46
GA2 - 171 ;18.46
GA2 - 35 ;10.58
GA2 - 402 ;10.97
GA2 - 609 ;28.33
GA2 - 680 ;15.45
GA2 - 698 ;5.65
GA2 - 703 ;6.39
GA2 - 735 ;14.86
GA2 - 887 ;8.11
GA3 - 171 ;21.94
GA3 - 35 ;10.57
GA3 - 402 ;30.03
GA3 - 609 ;22.5
GA3 - 680 ;5.21
GA3 - 698 ;5.88
GA3 - 703 ;7.26
GA3 - 735 ;10.33
GA3 - 887 ;6.04
GA4 - 171 ;18.73
GA4 - 35 ;13.38
GA4 - 402 ;10.72
GA4 - 609 ;16.21
GA4 - 680 ;14.3
GA4 - 698 ;6.18
GA4 - 703 ;6.43
GA4 - 735 ;9.95
GA4 - 887 ;8.05
K1 - 171 ;18.96
K1 - 35 ;13.83
K1 - 402 ;26.23
K1 - 609 ;19.01
K1 - 680 ;14.96
K1 - 698 ;4.75
K1 - 703 ;4.4
K1 - 735 ;9.06
K1 - 887 ;3.88
K2 - 171 ;13.05
K2 - 35 ;15.03
K2 - 402 ;25.3
K2 - 609 ;17.97
K2 - 680 ;10.95
K2 - 698 ;5.82
K2 - 703 ;4.12
K2 - 735 ;8.1
K2 - 887 ;7.1
K3 - 171 ;14.11
K3 - 35 ;12.47
K3 - 402 ;20.98
K3 - 609 ;16.1
K3 - 680 ;12.92
K3 - 698 ;14.7
K3 - 703 ;4.11
K3 - 735 ;7.48
K3 - 887 ;6.26
K4 - 171 ;22.4
K4 - 35 ;11.56
K4 - 402 ;16.39
K4 - 609 ;17.54
K4 - 680 ;13.12
K4 - 698 ;6.53
K4 - 703 ;4.69
K4 - 735 ;9.68
K4 - 887 ;7.04
GA1 - 171 ;14.6
GA1 - 35 ;23.24
GA1 - 402 ;20.82
GA1 - 609 ;38.65
GA1 - 680 ;34.55
GA1 - 698 ;4.82
GA1 - 703 ;9.71
GA1 - 735 ;18.9
GA1 - 887 ;8.83
GA2 - 171 ;20.99
GA2 - 35 ;10.69
GA2 - 402 ;17.98
GA2 - 609 ;28.71
GA2 - 680 ;27.34
GA2 - 698 ;8.38
GA2 - 703 ;9.36
GA2 - 735 ;13.75
GA2 - 887 ;11.52
GA3 - 171 ;14.48
GA3 - 35 ;10.26
GA3 - 402 ;6.9
GA3 - 609 ;52.46
GA3 - 680 ;21.99
GA3 - 698 ;10.23
GA3 - 703 ;8.31
GA3 - 735 ;8.09
GA3 - 887 ;7.74
GA4 - 171 ;21.38
GA4 - 35 ;19.82
GA4 - 402 ;27.19
GA4 - 609 ;43.48
GA4 - 680 ;29.05
GA4 - 698 ;11.57
GA4 - 703 ;6.16
GA4 - 735 ;13.0
GA4 - 887 ;11.08
K1 - 171 ;26.28
K1 - 35 ;15.41
K1 - 402 ;22.63
K1 - 609 ;39.26
K1 - 680 ;30.4
K1 - 698 ;51.01
K1 - 703 ;8.01
K1 - 735 ;8.74
K1 - 887 ;11.5
K2 - 171 ;14.9
K2 - 35 ;26.22
K2 - 402 ;22.99
K2 - 609 ;39.24
K2 - 680 ;14.77
K2 - 698 ;11.96
K2 - 703 ;8.0
K2 - 735 ;16.75
K2 - 887 ;18.97
K3 - 171 ;27.25
K3 - 35 ;16.56
K3 - 402 ;25.22
K3 - 609 ;49.58
K3 - 680 ;14.65
K3 - 698 ;12.72
K3 - 703 ;18.77
K3 - 735 ;16.96
K3 - 887 ;7.2
K4 - 171 ;29.58
K4 - 35 ;9.56
K4 - 402 ;22.05
K4 - 609 ;51.35
K4 - 680 ;20.73
K4 - 698 ;9.53
K4 - 703 ;14.03
K4 - 735 ;11.24
K4 - 887 ;11.36
GA1 - 171 ;22.32
GA1 - 35 ;2.68
GA1 - 402 ;22.88
GA1 - 609 ;30.49
GA1 - 680 ;26.47
GA1 - 698 ;10.48
GA1 - 703 ;9.03
GA1 - 735 ;12.77
GA1 - 887 ;18.85
GA2 - 171 ;14.2
GA2 - 35 ;3.16
GA2 - 402 ;36.54
GA2 - 609 ;25.39
GA2 - 680 ;40.31
GA2 - 698 ;17.31
GA2 - 703 ;7.89
GA2 - 735 ;14.95
GA2 - 887 ;20.47
GA3 - 171 ;24.21
GA3 - 35 ;5.2
GA3 - 402 ;13.68
GA3 - 609 ;31.9
GA3 - 680 ;33.77
GA3 - 698 ;10.35
GA3 - 703 ;8.57
GA3 - 735 ;11.41
GA3 - 887 ;14.19
GA4 - 171 ;23.65
GA4 - 35 ;5.09
GA4 - 402 ;14.94
GA4 - 609 ;26.47
GA4 - 680 ;36.05
GA4 - 698 ;8.58
GA4 - 703 ;7.29
GA4 - 735 ;18.93
GA4 - 887 ;29.47
K1 - 171 ;22.22
K1 - 35 ;5.19
K1 - 402 ;35.6
K1 - 609 ;36.36
K1 - 680 ;28.52
K1 - 698 ;12.47
K1 - 703 ;7.81
K1 - 735 ;18.66
K1 - 887 ;8.93
K2 - 171 ;22.61
K2 - 35 ;14.19
K2 - 402 ;35.03
K2 - 609 ;24.88
K2 - 680 ;20.5
K2 - 698 ;10.55
K2 - 703 ;4.86
K2 - 735 ;29.23
K2 - 887 ;16.04
K3 - 171 ;22.45
K3 - 35 ;5.82
K3 - 402 ;46.91
K3 - 609 ;27.63
K3 - 680 ;7.61
K3 - 698 ;11.02
K3 - 703 ;8.27
K3 - 735 ;43.88
K3 - 887 ;21.81
K4 - 171 ;17.92
K4 - 35 ;7.57
K4 - 402 ;23.38
K4 - 609 ;31.29
K4 - 680 ;41.8
K4 - 698 ;9.25
K4 - 703 ;6.43
K4 - 735 ;17.3
K4 - 887 ;20.02
;
GA34;
GA1 - 171 ;0.4
GA1 - 35 ;0.88
GA1 - 402 ;0.25
GA1 - 609 ;0.19
GA1 - 680 ;4.56
GA1 - 698 ;0.0
GA1 - 703 ;0.23
GA1 - 735 ;0.12
GA1 - 887 ;0.13
GA2 - 171 ;0.33
GA2 - 35 ;0.57
GA2 - 402 ;0.04
GA2 - 609 ;0.05
GA2 - 680 ;4.89
GA2 - 698 ;0.08
GA2 - 703 ;0.22
GA2 - 735 ;0.13
GA2 - 887 ;0.07
GA3 - 171 ;0.24
GA3 - 35 ;0.34
GA3 - 402 ;0.2
GA3 - 609 ;0.18
GA3 - 680 ;1.53
GA3 - 698 ;0.01
GA3 - 703 ;0.68
GA3 - 735 ;0.22
GA3 - 887 ;0.15
GA4 - 171 ;0.56
GA4 - 35 ;0.69
GA4 - 402 ;0.24
GA4 - 609 ;0.23
GA4 - 680 ;3.31
GA4 - 698 ;0.02
GA4 - 703 ;1.19
GA4 - 735 ;0.2
GA4 - 887 ;0.2
K1 - 171 ;0.56
K1 - 35 ;0.42
K1 - 402 ;0.6
K1 - 609 ;0.71
K1 - 680 ;11.47
K1 - 698 ;0.02
K1 - 703 ;0.32
K1 - 735 ;1.07
K1 - 887 ;0.06
K2 - 171 ;0.21
K2 - 35 ;0.35
K2 - 402 ;0.41
K2 - 609 ;0.28
K2 - 680 ;2.54
K2 - 698 ;0.02
K2 - 703 ;0.04
K2 - 735 ;0.51
K2 - 887 ;0.04
K3 - 171 ;0.13
K3 - 35 ;0.27
K3 - 402 ;0.24
K3 - 609 ;0.5
K3 - 680 ;7.39
K3 - 698 ;0.01
K3 - 703 ;0.65
K3 - 735 ;0.32
K3 - 887 ;0.11
K4 - 171 ;1.03
K4 - 35 ;0.28
K4 - 402 ;0.37
K4 - 609 ;0.16
K4 - 680 ;1.93
K4 - 698 ;0.04
K4 - 703 ;0.7
K4 - 735 ;0.15
K4 - 887 ;0.18
GA1 - 171 ;0.13
GA1 - 35 ;1.17
GA1 - 402 ;0.04
GA1 - 609 ;0.35
GA1 - 680 ;1.8
GA1 - 698 ;0.03
GA1 - 703 ;0.65
GA1 - 735 ;0.16
GA1 - 887 ;0.11
GA2 - 171 ;0.26
GA2 - 35 ;1.98
GA2 - 402 ;0.07
GA2 - 609 ;0.5
GA2 - 680 ;2.37
GA2 - 698 ;0.09
GA2 - 703 ;0.69
GA2 - 735 ;0.41
GA2 - 887 ;0.27
GA3 - 171 ;0.23
GA3 - 35 ;1.13
GA3 - 402 ;
GA3 - 609 ;0.44
GA3 - 680 ;0.86
GA3 - 698 ;0.03
GA3 - 703 ;1.02
GA3 - 735 ;0.59
GA3 - 887 ;0.22
GA4 - 171 ;0.16
GA4 - 35 ;1.5
GA4 - 402 ;0.13
GA4 - 609 ;0.54
GA4 - 680 ;2.03
GA4 - 698 ;0.06
GA4 - 703 ;1.23
GA4 - 735 ;0.53
GA4 - 887 ;0.24
K1 - 171 ;0.08
K1 - 35 ;1.06
K1 - 402 ;0.1
K1 - 609 ;0.4
K1 - 680 ;2.2
K1 - 698 ;0.07
K1 - 703 ;1.44
K1 - 735 ;1.22
K1 - 887 ;0.04
K2 - 171 ;0.33
K2 - 35 ;2.08
K2 - 402 ;0.17
K2 - 609 ;1.0
K2 - 680 ;4.37
K2 - 698 ;0.08
K2 - 703 ;1.47
K2 - 735 ;0.82
K2 - 887 ;0.02
K3 - 171 ;0.13
K3 - 35 ;1.62
K3 - 402 ;0.21
K3 - 609 ;0.92
K3 - 680 ;2.26
K3 - 698 ;0.06
K3 - 703 ;0.86
K3 - 735 ;0.82
K3 - 887 ;0.11
K4 - 171 ;0.15
K4 - 35 ;1.26
K4 - 402 ;0.18
K4 - 609 ;0.53
K4 - 680 ;1.64
K4 - 698 ;0.18
K4 - 703 ;1.1
K4 - 735 ;0.4
K4 - 887 ;0.06
GA1 - 171 ;0.02
GA1 - 35 ;0.91
GA1 - 402 ;0.7
GA1 - 609 ;0.37
GA1 - 680 ;1.32
GA1 - 698 ;0.21
GA1 - 703 ;1.12
GA1 - 735 ;0.49
GA1 - 887 ;0.23
GA2 - 171 ;
GA2 - 35 ;1.78
GA2 - 402 ;0.03
GA2 - 609 ;1.15
GA2 - 680 ;1.88
GA2 - 698 ;0.08
GA2 - 703 ;1.23
GA2 - 735 ;0.55
GA2 - 887 ;0.23
GA3 - 171 ;0.04
GA3 - 35 ;0.77
GA3 - 402 ;0.1
GA3 - 609 ;0.67
GA3 - 680 ;5.04
GA3 - 698 ;0.02
GA3 - 703 ;0.6
GA3 - 735 ;3.97
GA3 - 887 ;0.67
GA4 - 171 ;0.71
GA4 - 35 ;0.85
GA4 - 402 ;
GA4 - 609 ;0.91
GA4 - 680 ;4.75
GA4 - 698 ;
GA4 - 703 ;0.35
GA4 - 735 ;2.64
GA4 - 887 ;0.33
K1 - 171 ;0.14
K1 - 35 ;0.42
K1 - 402 ;0.08
K1 - 609 ;0.97
K1 - 680 ;2.08
K1 - 698 ;
K1 - 703 ;0.73
K1 - 735 ;0.65
K1 - 887 ;0.14
K2 - 171 ;0.09
K2 - 35 ;0.64
K2 - 402 ;0.07
K2 - 609 ;0.27
K2 - 680 ;0.82
K2 - 698 ;
K2 - 703 ;0.59
K2 - 735 ;0.6
K2 - 887 ;0.02
K3 - 171 ;0.18
K3 - 35 ;0.49
K3 - 402 ;0.04
K3 - 609 ;0.55
K3 - 680 ;0.23
K3 - 698 ;0.02
K3 - 703 ;0.55
K3 - 735 ;0.46
K3 - 887 ;0.16
K4 - 171 ;0.13
K4 - 35 ;0.88
K4 - 402 ;0.04
K4 - 609 ;0.41
K4 - 680 ;1.19
K4 - 698 ;0.02
K4 - 703 ;1.57
K4 - 735 ;0.43
K4 - 887 ;0.11
GA1 - 171 ;0.41
GA1 - 35 ;0.13
GA1 - 402 ;0.08
GA1 - 609 ;0.34
GA1 - 680 ;0.26
GA1 - 698 ;0.04
GA1 - 703 ;0.33
GA1 - 735 ;0.64
GA1 - 887 ;5.22
GA2 - 171 ;0.05
GA2 - 35 ;1.16
GA2 - 402 ;0.09
GA2 - 609 ;0.08
GA2 - 680 ;0.64
GA2 - 698 ;0.21
GA2 - 703 ;0.59
GA2 - 735 ;0.37
GA2 - 887 ;3.72
GA3 - 171 ;0.07
GA3 - 35 ;0.16
GA3 - 402 ;0.04
GA3 - 609 ;0.19
GA3 - 680 ;0.87
GA3 - 698 ;0.13
GA3 - 703 ;0.36
GA3 - 735 ;0.69
GA3 - 887 ;2.87
GA4 - 171 ;0.1
GA4 - 35 ;0.11
GA4 - 402 ;0.14
GA4 - 609 ;0.22
GA4 - 680 ;0.72
GA4 - 698 ;0.04
GA4 - 703 ;1.07
GA4 - 735 ;3.49
GA4 - 887 ;1.13
K1 - 171 ;0.08
K1 - 35 ;0.15
K1 - 402 ;0.08
K1 - 609 ;0.21
K1 - 680 ;0.94
K1 - 698 ;0.06
K1 - 703 ;0.34
K1 - 735 ;0.45
K1 - 887 ;0.09
K2 - 171 ;0.17
K2 - 35 ;0.11
K2 - 402 ;0.05
K2 - 609 ;0.13
K2 - 680 ;2.28
K2 - 698 ;0.07
K2 - 703 ;0.38
K2 - 735 ;0.21
K2 - 887 ;0.23
K3 - 171 ;0.12
K3 - 35 ;0.21
K3 - 402 ;
K3 - 609 ;0.22
K3 - 680 ;0.7
K3 - 698 ;
K3 - 703 ;0.39
K3 - 735 ;0.16
K3 - 887 ;0.12
K4 - 171 ;0.07
K4 - 35 ;0.19
K4 - 402 ;0.03
K4 - 609 ;0.21
K4 - 680 ;0.14
K4 - 698 ;
K4 - 703 ;0.65
K4 - 735 ;0.4
K4 - 887 ;0.21
;
GA8;
GA1 - 171 ;5.76
GA1 - 35 ;1.19
GA1 - 402 ;5.53
GA1 - 609 ;3.84
GA1 - 680 ;4.28
GA1 - 698 ;0.59
GA1 - 703 ;0.71
GA1 - 735 ;0.7
GA1 - 887 ;0.34
GA2 - 171 ;5.07
GA2 - 35 ;1.07
GA2 - 402 ;6.64
GA2 - 609 ;3.69
GA2 - 680 ;2.12
GA2 - 698 ;3.49
GA2 - 703 ;1.44
GA2 - 735 ;0.91
GA2 - 887 ;0.52
GA3 - 171 ;5.54
GA3 - 35 ;1.72
GA3 - 402 ;7.75
GA3 - 609 ;3.73
GA3 - 680 ;2.23
GA3 - 698 ;1.32
GA3 - 703 ;0.94
GA3 - 735 ;1.72
GA3 - 887 ;0.64
GA4 - 171 ;6.38
GA4 - 35 ;2.04
GA4 - 402 ;3.91
GA4 - 609 ;4.18
GA4 - 680 ;2.15
GA4 - 698 ;1.53
GA4 - 703 ;0.92
GA4 - 735 ;1.6
GA4 - 887 ;0.55
K1 - 171 ;4.74
K1 - 35 ;2.3
K1 - 402 ;3.91
K1 - 609 ;3.21
K1 - 680 ;2.0
K1 - 698 ;1.97
K1 - 703 ;0.85
K1 - 735 ;1.51
K1 - 887 ;0.23
K2 - 171 ;5.82
K2 - 35 ;1.6
K2 - 402 ;4.23
K2 - 609 ;3.32
K2 - 680 ;2.19
K2 - 698 ;1.29
K2 - 703 ;0.41
K2 - 735 ;1.83
K2 - 887 ;0.78
K3 - 171 ;5.26
K3 - 35 ;2.27
K3 - 402 ;4.17
K3 - 609 ;3.4
K3 - 680 ;2.0
K3 - 698 ;1.36
K3 - 703 ;0.77
K3 - 735 ;1.76
K3 - 887 ;0.17
K4 - 171 ;3.82
K4 - 35 ;2.46
K4 - 402 ;5.44
K4 - 609 ;2.79
K4 - 680 ;3.05
K4 - 698 ;1.36
K4 - 703 ;0.53
K4 - 735 ;1.75
K4 - 887 ;0.32
GA1 - 171 ;4.61
GA1 - 35 ;3.69
GA1 - 402 ;4.75
GA1 - 609 ;4.24
GA1 - 680 ;4.99
GA1 - 698 ;1.52
GA1 - 703 ;1.62
GA1 - 735 ;1.77
GA1 - 887 ;0.7
GA2 - 171 ;5.37
GA2 - 35 ;1.85
GA2 - 402 ;4.14
GA2 - 609 ;5.08
GA2 - 680 ;3.63
GA2 - 698 ;1.53
GA2 - 703 ;0.96
GA2 - 735 ;2.27
GA2 - 887 ;0.85
GA3 - 171 ;7.17
GA3 - 35 ;3.1
GA3 - 402 ;5.11
GA3 - 609 ;6.94
GA3 - 680 ;1.67
GA3 - 698 ;1.99
GA3 - 703 ;0.8
GA3 - 735 ;4.01
GA3 - 887 ;0.56
GA4 - 171 ;5.9
GA4 - 35 ;2.42
GA4 - 402 ;5.35
GA4 - 609 ;4.67
GA4 - 680 ;4.34
GA4 - 698 ;2.4
GA4 - 703 ;1.18
GA4 - 735 ;3.21
GA4 - 887 ;1.03
K1 - 171 ;4.98
K1 - 35 ;3.65
K1 - 402 ;4.45
K1 - 609 ;2.96
K1 - 680 ;4.24
K1 - 698 ;1.84
K1 - 703 ;1.0
K1 - 735 ;1.98
K1 - 887 ;0.51
K2 - 171 ;6.12
K2 - 35 ;3.61
K2 - 402 ;7.77
K2 - 609 ;3.06
K2 - 680 ;4.21
K2 - 698 ;1.25
K2 - 703 ;1.41
K2 - 735 ;3.53
K2 - 887 ;0.39
K3 - 171 ;5.57
K3 - 35 ;1.54
K3 - 402 ;4.26
K3 - 609 ;5.38
K3 - 680 ;3.8
K3 - 698 ;3.26
K3 - 703 ;0.94
K3 - 735 ;2.36
K3 - 887 ;1.52
K4 - 171 ;6.25
K4 - 35 ;2.26
K4 - 402 ;3.89
K4 - 609 ;3.65
K4 - 680 ;2.9
K4 - 698 ;1.45
K4 - 703 ;1.42
K4 - 735 ;2.08
K4 - 887 ;0.7
GA1 - 171 ;4.21
GA1 - 35 ;5.16
GA1 - 402 ;10.17
GA1 - 609 ;7.92
GA1 - 680 ;3.53
GA1 - 698 ;1.36
GA1 - 703 ;1.66
GA1 - 735 ;4.45
GA1 - 887 ;1.03
GA2 - 171 ;5.67
GA2 - 35 ;3.23
GA2 - 402 ;5.4
GA2 - 609 ;7.46
GA2 - 680 ;7.87
GA2 - 698 ;2.12
GA2 - 703 ;1.7
GA2 - 735 ;4.58
GA2 - 887 ;1.25
GA3 - 171 ;4.31
GA3 - 35 ;4.67
GA3 - 402 ;3.12
GA3 - 609 ;5.72
GA3 - 680 ;3.86
GA3 - 698 ;3.89
GA3 - 703 ;1.29
GA3 - 735 ;4.43
GA3 - 887 ;1.66
GA4 - 171 ;8.67
GA4 - 35 ;3.97
GA4 - 402 ;7.46
GA4 - 609 ;8.77
GA4 - 680 ;4.35
GA4 - 698 ;3.48
GA4 - 703 ;3.03
GA4 - 735 ;5.18
GA4 - 887 ;1.27
K1 - 171 ;8.71
K1 - 35 ;5.36
K1 - 402 ;6.27
K1 - 609 ;5.18
K1 - 680 ;8.38
K1 - 698 ;7.97
K1 - 703 ;1.53
K1 - 735 ;5.06
K1 - 887 ;1.42
K2 - 171 ;4.81
K2 - 35 ;5.98
K2 - 402 ;6.86
K2 - 609 ;7.12
K2 - 680 ;2.79
K2 - 698 ;5.5
K2 - 703 ;1.6
K2 - 735 ;5.17
K2 - 887 ;1.92
K3 - 171 ;4.95
K3 - 35 ;4.58
K3 - 402 ;14.84
K3 - 609 ;21.73
K3 - 680 ;5.3
K3 - 698 ;4.4
K3 - 703 ;2.96
K3 - 735 ;4.27
K3 - 887 ;1.01
K4 - 171 ;5.93
K4 - 35 ;4.57
K4 - 402 ;6.86
K4 - 609 ;5.71
K4 - 680 ;3.5
K4 - 698 ;2.78
K4 - 703 ;2.13
K4 - 735 ;3.01
K4 - 887 ;0.74
GA1 - 171 ;5.69
GA1 - 35 ;0.25
GA1 - 402 ;9.61
GA1 - 609 ;2.17
GA1 - 680 ;8.51
GA1 - 698 ;4.55
GA1 - 703 ;1.04
GA1 - 735 ;9.51
GA1 - 887 ;5.88
GA2 - 171 ;7.06
GA2 - 35 ;0.19
GA2 - 402 ;9.39
GA2 - 609 ;2.6
GA2 - 680 ;6.14
GA2 - 698 ;4.7
GA2 - 703 ;0.91
GA2 - 735 ;7.78
GA2 - 887 ;7.84
GA3 - 171 ;6.2
GA3 - 35 ;0.54
GA3 - 402 ;9.08
GA3 - 609 ;2.77
GA3 - 680 ;6.4
GA3 - 698 ;5.0
GA3 - 703 ;0.77
GA3 - 735 ;5.42
GA3 - 887 ;3.71
GA4 - 171 ;7.19
GA4 - 35 ;0.41
GA4 - 402 ;13.83
GA4 - 609 ;1.64
GA4 - 680 ;8.99
GA4 - 698 ;6.16
GA4 - 703 ;0.72
GA4 - 735 ;9.68
GA4 - 887 ;5.07
K1 - 171 ;7.83
K1 - 35 ;1.11
K1 - 402 ;10.58
K1 - 609 ;2.39
K1 - 680 ;7.24
K1 - 698 ;4.81
K1 - 703 ;1.15
K1 - 735 ;7.95
K1 - 887 ;4.13
K2 - 171 ;5.5
K2 - 35 ;1.91
K2 - 402 ;11.43
K2 - 609 ;2.42
K2 - 680 ;5.78
K2 - 698 ;5.25
K2 - 703 ;1.47
K2 - 735 ;11.25
K2 - 887 ;4.0
K3 - 171 ;11.45
K3 - 35 ;1.01
K3 - 402 ;9.75
K3 - 609 ;4.51
K3 - 680 ;10.0
K3 - 698 ;4.07
K3 - 703 ;1.26
K3 - 735 ;11.39
K3 - 887 ;4.82
K4 - 171 ;6.19
K4 - 35 ;0.85
K4 - 402 ;8.09
K4 - 609 ;1.86
K4 - 680 ;7.55
K4 - 698 ;5.22
K4 - 703 ;1.11
K4 - 735 ;6.85
K4 - 887 ;3.69
;
ABA;
GA1 - 171 ;1468.01
GA1 - 35 ;265.3
GA1 - 402 ;1035.3
GA1 - 609 ;2356.51
GA1 - 680 ;1580.02
GA1 - 698 ;2866.77
GA1 - 703 ;1679.83
GA1 - 735 ;2609.77
GA1 - 887 ;1466.38
GA2 - 171 ;1824.53
GA2 - 35 ;632.82
GA2 - 402 ;933.6
GA2 - 609 ;2573.01
GA2 - 680 ;2824.45
GA2 - 698 ;1787.12
GA2 - 703 ;2287.27
GA2 - 735 ;1585.27
GA2 - 887 ;1296.01
GA3 - 171 ;1033.26
GA3 - 35 ;1009.59
GA3 - 402 ;1215.67
GA3 - 609 ;3641.13
GA3 - 680 ;1590.72
GA3 - 698 ;1160.0
GA3 - 703 ;1669.18
GA3 - 735 ;2705.29
GA3 - 887 ;2232.18
GA4 - 171 ;1566.79
GA4 - 35 ;1183.44
GA4 - 402 ;1897.14
GA4 - 609 ;3538.89
GA4 - 680 ;1500.12
GA4 - 698 ;1020.37
GA4 - 703 ;1669.68
GA4 - 735 ;2921.83
GA4 - 887 ;1467.14
K1 - 171 ;1053.34
K1 - 35 ;1426.37
K1 - 402 ;1496.22
K1 - 609 ;1531.23
K1 - 680 ;1492.98
K1 - 698 ;2024.86
K1 - 703 ;1856.2
K1 - 735 ;2117.26
K1 - 887 ;1887.26
K2 - 171 ;2793.25
K2 - 35 ;1094.54
K2 - 402 ;1519.61
K2 - 609 ;1430.81
K2 - 680 ;1583.9
K2 - 698 ;2110.57
K2 - 703 ;2944.05
K2 - 735 ;1103.1
K2 - 887 ;1190.38
K3 - 171 ;2805.38
K3 - 35 ;594.63
K3 - 402 ;1483.75
K3 - 609 ;2604.57
K3 - 680 ;1601.61
K3 - 698 ;2658.77
K3 - 703 ;1575.83
K3 - 735 ;2194.18
K3 - 887 ;1213.44
K4 - 171 ;2013.04
K4 - 35 ;1423.16
K4 - 402 ;1309.11
K4 - 609 ;2128.16
K4 - 680 ;2694.0
K4 - 698 ;1619.8
K4 - 703 ;1623.96
K4 - 735 ;1775.09
K4 - 887 ;1027.04
GA1 - 171 ;1725.28
GA1 - 35 ;625.81
GA1 - 402 ;1553.6
GA1 - 609 ;923.96
GA1 - 680 ;2405.64
GA1 - 698 ;1013.4
GA1 - 703 ;1372.68
GA1 - 735 ;3452.99
GA1 - 887 ;1718.84
GA2 - 171 ;1457.36
GA2 - 35 ;400.23
GA2 - 402 ;1449.28
GA2 - 609 ;1495.35
GA2 - 680 ;1308.55
GA2 - 698 ;1680.32
GA2 - 703 ;2693.81
GA2 - 735 ;3712.49
GA2 - 887 ;1677.07
GA3 - 171 ;1345.65
GA3 - 35 ;1545.51
GA3 - 402 ;1580.84
GA3 - 609 ;2014.72
GA3 - 680 ;1340.35
GA3 - 698 ;1347.22
GA3 - 703 ;1852.1
GA3 - 735 ;4106.51
GA3 - 887 ;1255.68
GA4 - 171 ;1534.83
GA4 - 35 ;1373.14
GA4 - 402 ;1787.21
GA4 - 609 ;1421.39
GA4 - 680 ;1651.39
GA4 - 698 ;955.05
GA4 - 703 ;1922.78
GA4 - 735 ;2113.54
GA4 - 887 ;1897.5
K1 - 171 ;1367.15
K1 - 35 ;879.72
K1 - 402 ;1626.61
K1 - 609 ;1380.0
K1 - 680 ;1164.4
K1 - 698 ;2239.4
K1 - 703 ;2571.64
K1 - 735 ;1877.55
K1 - 887 ;3680.34
K2 - 171 ;2675.0
K2 - 35 ;1104.43
K2 - 402 ;1995.29
K2 - 609 ;1315.3
K2 - 680 ;1833.93
K2 - 698 ;1193.44
K2 - 703 ;3301.99
K2 - 735 ;3207.28
K2 - 887 ;2107.91
K3 - 171 ;2374.21
K3 - 35 ;517.84
K3 - 402 ;1170.11
K3 - 609 ;1078.79
K3 - 680 ;2572.07
K3 - 698 ;2133.89
K3 - 703 ;1826.87
K3 - 735 ;2812.69
K3 - 887 ;4592.23
K4 - 171 ;1441.71
K4 - 35 ;1297.83
K4 - 402 ;1025.73
K4 - 609 ;2582.83
K4 - 680 ;1417.61
K4 - 698 ;1499.33
K4 - 703 ;2846.88
K4 - 735 ;1962.59
K4 - 887 ;2462.97
GA1 - 171 ;1504.21
GA1 - 35 ;187.24
GA1 - 402 ;1327.85
GA1 - 609 ;1555.13
GA1 - 680 ;1022.19
GA1 - 698 ;546.71
GA1 - 703 ;819.81
GA1 - 735 ;2216.24
GA1 - 887 ;1098.66
GA2 - 171 ;844.15
GA2 - 35 ;367.71
GA2 - 402 ;1355.42
GA2 - 609 ;834.76
GA2 - 680 ;920.96
GA2 - 698 ;1437.38
GA2 - 703 ;1098.77
GA2 - 735 ;1941.93
GA2 - 887 ;1265.37
GA3 - 171 ;378.68
GA3 - 35 ;235.82
GA3 - 402 ;2378.58
GA3 - 609 ;1300.34
GA3 - 680 ;1069.33
GA3 - 698 ;1890.27
GA3 - 703 ;942.71
GA3 - 735 ;1881.21
GA3 - 887 ;1284.05
GA4 - 171 ;523.76
GA4 - 35 ;548.5
GA4 - 402 ;537.86
GA4 - 609 ;1154.5
GA4 - 680 ;1100.19
GA4 - 698 ;1700.89
GA4 - 703 ;1043.02
GA4 - 735 ;2254.43
GA4 - 887 ;1436.79
K1 - 171 ;528.06
K1 - 35 ;178.54
K1 - 402 ;739.71
K1 - 609 ;1325.98
K1 - 680 ;847.74
K1 - 698 ;2191.96
K1 - 703 ;1047.41
K1 - 735 ;1205.52
K1 - 887 ;1755.26
K2 - 171 ;3325.73
K2 - 35 ;407.58
K2 - 402 ;952.85
K2 - 609 ;1123.02
K2 - 680 ;1866.87
K2 - 698 ;2617.39
K2 - 703 ;1313.14
K2 - 735 ;2291.16
K2 - 887 ;1847.75
K3 - 171 ;2190.3
K3 - 35 ;394.6
K3 - 402 ;694.07
K3 - 609 ;1617.13
K3 - 680 ;1806.74
K3 - 698 ;1359.33
K3 - 703 ;1238.53
K3 - 735 ;1941.37
K3 - 887 ;2585.53
K4 - 171 ;1052.38
K4 - 35 ;4438.56
K4 - 402 ;639.19
K4 - 609 ;1101.62
K4 - 680 ;1162.99
K4 - 698 ;1028.51
K4 - 703 ;1111.5
K4 - 735 ;2535.16
K4 - 887 ;1123.31
GA1 - 171 ;482.77
GA1 - 35 ;106.7
GA1 - 402 ;522.42
GA1 - 609 ;1219.44
GA1 - 680 ;861.76
GA1 - 698 ;1142.77
GA1 - 703 ;685.64
GA1 - 735 ;1769.17
GA1 - 887 ;669.85
GA2 - 171 ;705.1
GA2 - 35 ;113.27
GA2 - 402 ;746.49
GA2 - 609 ;902.3
GA2 - 680 ;765.42
GA2 - 698 ;2094.37
GA2 - 703 ;817.67
GA2 - 735 ;3251.03
GA2 - 887 ;1046.92
GA3 - 171 ;573.78
GA3 - 35 ;326.12
GA3 - 402 ;1190.16
GA3 - 609 ;954.52
GA3 - 680 ;601.72
GA3 - 698 ;563.19
GA3 - 703 ;1236.14
GA3 - 735 ;1020.08
GA3 - 887 ;705.95
GA4 - 171 ;1104.75
GA4 - 35 ;437.01
GA4 - 402 ;2141.02
GA4 - 609 ;739.99
GA4 - 680 ;882.28
GA4 - 698 ;1622.69
GA4 - 703 ;788.95
GA4 - 735 ;1955.21
GA4 - 887 ;624.25
K1 - 171 ;430.95
K1 - 35 ;135.54
K1 - 402 ;886.09
K1 - 609 ;762.64
K1 - 680 ;510.5
K1 - 698 ;1469.11
K1 - 703 ;825.11
K1 - 735 ;1309.95
K1 - 887 ;1906.43
K2 - 171 ;1839.36
K2 - 35 ;299.79
K2 - 402 ;1220.29
K2 - 609 ;635.86
K2 - 680 ;1477.16
K2 - 698 ;1140.08
K2 - 703 ;660.95
K2 - 735 ;1243.47
K2 - 887 ;589.15
K3 - 171 ;2732.56
K3 - 35 ;86.49
K3 - 402 ;1242.38
K3 - 609 ;679.67
K3 - 680 ;3235.87
K3 - 698 ;312.82
K3 - 703 ;1002.5
K3 - 735 ;1430.69
K3 - 887 ;1277.88
K4 - 171 ;1057.66
K4 - 35 ;689.86
K4 - 402 ;279.27
K4 - 609 ;1300.54
K4 - 680 ;662.51
K4 - 698 ;1088.93
K4 - 703 ;1341.93
K4 - 735 ;2228.64
K4 - 887 ;797.48
;
JA;
GA1 - 171 ;13.31
GA1 - 35 ;48.51
GA1 - 402 ;88.18
GA1 - 609 ;21.27
GA1 - 680 ;43.5
GA1 - 698 ;40.94
GA1 - 703 ;27.58
GA1 - 735 ;30.08
GA1 - 887 ;37.72
GA2 - 171 ;2.96
GA2 - 35 ;4.07
GA2 - 402 ;10.41
GA2 - 609 ;10.68
GA2 - 680 ;18.06
GA2 - 698 ;53.29
GA2 - 703 ;36.57
GA2 - 735 ;17.18
GA2 - 887 ;10.44
GA3 - 171 ;14.27
GA3 - 35 ;18.6
GA3 - 402 ;20.63
GA3 - 609 ;4.75
GA3 - 680 ;16.5
GA3 - 698 ;32.85
GA3 - 703 ;79.34
GA3 - 735 ;41.65
GA3 - 887 ;20.12
GA4 - 171 ;38.73
GA4 - 35 ;10.47
GA4 - 402 ;104.45
GA4 - 609 ;9.52
GA4 - 680 ;53.81
GA4 - 698 ;43.54
GA4 - 703 ;6.36
GA4 - 735 ;22.58
GA4 - 887 ;28.31
K1 - 171 ;22.72
K1 - 35 ;14.77
K1 - 402 ;17.65
K1 - 609 ;7.64
K1 - 680 ;108.47
K1 - 698 ;69.76
K1 - 703 ;14.79
K1 - 735 ;31.95
K1 - 887 ;10.21
K2 - 171 ;49.08
K2 - 35 ;8.26
K2 - 402 ;47.99
K2 - 609 ;14.27
K2 - 680 ;19.51
K2 - 698 ;24.99
K2 - 703 ;47.23
K2 - 735 ;113.55
K2 - 887 ;2.98
K3 - 171 ;2.32
K3 - 35 ;7.22
K3 - 402 ;18.14
K3 - 609 ;16.63
K3 - 680 ;30.0
K3 - 698 ;13.62
K3 - 703 ;41.43
K3 - 735 ;73.91
K3 - 887 ;78.89
K4 - 171 ;4.81
K4 - 35 ;5.46
K4 - 402 ;6.61
K4 - 609 ;12.57
K4 - 680 ;19.2
K4 - 698 ;19.55
K4 - 703 ;45.45
K4 - 735 ;10.54
K4 - 887 ;38.46
GA1 - 171 ;54.34
GA1 - 35 ;42.8
GA1 - 402 ;65.32
GA1 - 609 ;39.01
GA1 - 680 ;4.3
GA1 - 698 ;84.31
GA1 - 703 ;26.17
GA1 - 735 ;46.12
GA1 - 887 ;51.7
GA2 - 171 ;75.32
GA2 - 35 ;68.74
GA2 - 402 ;97.38
GA2 - 609 ;101.95
GA2 - 680 ;69.51
GA2 - 698 ;103.25
GA2 - 703 ;7.56
GA2 - 735 ;43.25
GA2 - 887 ;197.27
GA3 - 171 ;23.96
GA3 - 35 ;59.95
GA3 - 402 ;5.74
GA3 - 609 ;39.95
GA3 - 680 ;24.89
GA3 - 698 ;201.53
GA3 - 703 ;79.26
GA3 - 735 ;96.19
GA3 - 887 ;133.01
GA4 - 171 ;18.0
GA4 - 35 ;136.84
GA4 - 402 ;18.51
GA4 - 609 ;102.29
GA4 - 680 ;16.48
GA4 - 698 ;6.36
GA4 - 703 ;83.35
GA4 - 735 ;134.19
GA4 - 887 ;60.28
K1 - 171 ;24.29
K1 - 35 ;47.49
K1 - 402 ;31.27
K1 - 609 ;11.94
K1 - 680 ;16.19
K1 - 698 ;27.22
K1 - 703 ;238.57
K1 - 735 ;106.0
K1 - 887 ;16.22
K2 - 171 ;86.43
K2 - 35 ;4.19
K2 - 402 ;18.33
K2 - 609 ;35.25
K2 - 680 ;57.25
K2 - 698 ;38.68
K2 - 703 ;119.97
K2 - 735 ;11.01
K2 - 887 ;17.06
K3 - 171 ;23.13
K3 - 35 ;144.46
K3 - 402 ;57.27
K3 - 609 ;79.06
K3 - 680 ;1.46
K3 - 698 ;17.65
K3 - 703 ;114.77
K3 - 735 ;38.87
K3 - 887 ;36.15
K4 - 171 ;32.56
K4 - 35 ;69.85
K4 - 402 ;116.41
K4 - 609 ;154.85
K4 - 680 ;48.21
K4 - 698 ;99.99
K4 - 703 ;52.17
K4 - 735 ;96.64
K4 - 887 ;150.6
GA1 - 171 ;6.99
GA1 - 35 ;17.79
GA1 - 402 ;24.32
GA1 - 609 ;57.71
GA1 - 680 ;6.97
GA1 - 698 ;45.25
GA1 - 703 ;12.73
GA1 - 735 ;30.38
GA1 - 887 ;3.81
GA2 - 171 ;4.02
GA2 - 35 ;25.47
GA2 - 402 ;7.78
GA2 - 609 ;14.8
GA2 - 680 ;1.38
GA2 - 698 ;4.29
GA2 - 703 ;3.57
GA2 - 735 ;20.86
GA2 - 887 ;8.29
GA3 - 171 ;2.87
GA3 - 35 ;6.65
GA3 - 402 ;4.24
GA3 - 609 ;17.25
GA3 - 680 ;15.78
GA3 - 698 ;3.73
GA3 - 703 ;25.84
GA3 - 735 ;41.78
GA3 - 887 ;9.65
GA4 - 171 ;6.71
GA4 - 35 ;13.75
GA4 - 402 ;11.2
GA4 - 609 ;10.16
GA4 - 680 ;2.71
GA4 - 698 ;6.65
GA4 - 703 ;38.49
GA4 - 735 ;17.59
GA4 - 887 ;10.76
K1 - 171 ;8.5
K1 - 35 ;8.41
K1 - 402 ;17.38
K1 - 609 ;17.93
K1 - 680 ;10.79
K1 - 698 ;2.2
K1 - 703 ;12.39
K1 - 735 ;26.84
K1 - 887 ;18.26
K2 - 171 ;4.46
K2 - 35 ;11.97
K2 - 402 ;12.17
K2 - 609 ;5.19
K2 - 680 ;22.06
K2 - 698 ;13.16
K2 - 703 ;22.76
K2 - 735 ;29.86
K2 - 887 ;7.43
K3 - 171 ;4.13
K3 - 35 ;7.18
K3 - 402 ;15.15
K3 - 609 ;12.48
K3 - 680 ;15.69
K3 - 698 ;10.54
K3 - 703 ;4.37
K3 - 735 ;4.91
K3 - 887 ;11.93
K4 - 171 ;7.83
K4 - 35 ;8.19
K4 - 402 ;7.41
K4 - 609 ;24.49
K4 - 680 ;36.91
K4 - 698 ;28.9
K4 - 703 ;3.86
K4 - 735 ;27.27
K4 - 887 ;21.04
GA1 - 171 ;14.89
GA1 - 35 ;11.65
GA1 - 402 ;24.22
GA1 - 609 ;52.22
GA1 - 680 ;20.42
GA1 - 698 ;9.61
GA1 - 703 ;15.16
GA1 - 735 ;32.11
GA1 - 887 ;21.23
GA2 - 171 ;20.73
GA2 - 35 ;12.74
GA2 - 402 ;34.92
GA2 - 609 ;30.42
GA2 - 680 ;25.39
GA2 - 698 ;17.54
GA2 - 703 ;15.66
GA2 - 735 ;20.79
GA2 - 887 ;38.33
GA3 - 171 ;16.6
GA3 - 35 ;2.4
GA3 - 402 ;14.89
GA3 - 609 ;6.69
GA3 - 680 ;30.47
GA3 - 698 ;21.78
GA3 - 703 ;9.28
GA3 - 735 ;43.87
GA3 - 887 ;37.76
GA4 - 171 ;8.19
GA4 - 35 ;12.81
GA4 - 402 ;13.91
GA4 - 609 ;47.62
GA4 - 680 ;31.79
GA4 - 698 ;19.23
GA4 - 703 ;11.09
GA4 - 735 ;22.69
GA4 - 887 ;45.61
K1 - 171 ;1.95
K1 - 35 ;4.72
K1 - 402 ;13.74
K1 - 609 ;10.39
K1 - 680 ;14.3
K1 - 698 ;12.12
K1 - 703 ;27.31
K1 - 735 ;16.5
K1 - 887 ;21.96
K2 - 171 ;9.38
K2 - 35 ;14.16
K2 - 402 ;12.14
K2 - 609 ;21.8
K2 - 680 ;5.64
K2 - 698 ;5.93
K2 - 703 ;23.55
K2 - 735 ;23.84
K2 - 887 ;23.39
K3 - 171 ;0.66
K3 - 35 ;12.19
K3 - 402 ;12.05
K3 - 609 ;8.28
K3 - 680 ;14.48
K3 - 698 ;11.98
K3 - 703 ;13.61
K3 - 735 ;38.94
K3 - 887 ;28.63
K4 - 171 ;19.23
K4 - 35 ;12.53
K4 - 402 ;18.03
K4 - 609 ;18.39
K4 - 680 ;3.01
K4 - 698 ;19.78
K4 - 703 ;18.13
K4 - 735 ;20.37
K4 - 887 ;18.21
;
IAA;
GA1 - 171 ;7.42
GA1 - 35 ;8.78
GA1 - 402 ;7.11
GA1 - 609 ;6.22
GA1 - 680 ;8.96
GA1 - 698 ;12.62
GA1 - 703 ;8.99
GA1 - 735 ;10.55
GA1 - 887 ;10.82
GA2 - 171 ;5.04
GA2 - 35 ;6.95
GA2 - 402 ;8.5
GA2 - 609 ;10.94
GA2 - 680 ;10.27
GA2 - 698 ;8.44
GA2 - 703 ;11.3
GA2 - 735 ;12.18
GA2 - 887 ;11.36
GA3 - 171 ;7.54
GA3 - 35 ;7.16
GA3 - 402 ;11.52
GA3 - 609 ;6.05
GA3 - 680 ;10.5
GA3 - 698 ;9.84
GA3 - 703 ;12.35
GA3 - 735 ;9.56
GA3 - 887 ;9.43
GA4 - 171 ;6.93
GA4 - 35 ;10.1
GA4 - 402 ;12.23
GA4 - 609 ;5.83
GA4 - 680 ;11.96
GA4 - 698 ;8.22
GA4 - 703 ;6.88
GA4 - 735 ;6.78
GA4 - 887 ;8.68
K1 - 171 ;9.81
K1 - 35 ;7.01
K1 - 402 ;8.8
K1 - 609 ;4.82
K1 - 680 ;13.19
K1 - 698 ;11.49
K1 - 703 ;9.56
K1 - 735 ;8.66
K1 - 887 ;7.83
K2 - 171 ;10.34
K2 - 35 ;11.62
K2 - 402 ;10.07
K2 - 609 ;6.11
K2 - 680 ;12.18
K2 - 698 ;14.26
K2 - 703 ;16.89
K2 - 735 ;11.19
K2 - 887 ;9.19
K3 - 171 ;6.2
K3 - 35 ;11.41
K3 - 402 ;8.76
K3 - 609 ;8.41
K3 - 680 ;14.69
K3 - 698 ;11.88
K3 - 703 ;14.51
K3 - 735 ;11.52
K3 - 887 ;9.8
K4 - 171 ;9.87
K4 - 35 ;8.91
K4 - 402 ;11.39
K4 - 609 ;5.07
K4 - 680 ;10.38
K4 - 698 ;11.3
K4 - 703 ;11.14
K4 - 735 ;6.09
K4 - 887 ;9.09
GA1 - 171 ;7.76
GA1 - 35 ;7.42
GA1 - 402 ;8.33
GA1 - 609 ;5.74
GA1 - 680 ;8.8
GA1 - 698 ;9.13
GA1 - 703 ;5.94
GA1 - 735 ;8.22
GA1 - 887 ;7.33
GA2 - 171 ;12.18
GA2 - 35 ;8.34
GA2 - 402 ;7.39
GA2 - 609 ;9.2
GA2 - 680 ;6.96
GA2 - 698 ;8.32
GA2 - 703 ;9.02
GA2 - 735 ;10.14
GA2 - 887 ;7.97
GA3 - 171 ;8.48
GA3 - 35 ;7.61
GA3 - 402 ;10.63
GA3 - 609 ;7.07
GA3 - 680 ;8.33
GA3 - 698 ;9.05
GA3 - 703 ;10.79
GA3 - 735 ;6.96
GA3 - 887 ;11.13
GA4 - 171 ;12.01
GA4 - 35 ;8.32
GA4 - 402 ;9.15
GA4 - 609 ;9.48
GA4 - 680 ;13.55
GA4 - 698 ;7.9
GA4 - 703 ;12.39
GA4 - 735 ;13.17
GA4 - 887 ;6.93
K1 - 171 ;9.78
K1 - 35 ;6.51
K1 - 402 ;6.5
K1 - 609 ;5.84
K1 - 680 ;10.63
K1 - 698 ;7.59
K1 - 703 ;12.58
K1 - 735 ;8.98
K1 - 887 ;9.69
K2 - 171 ;11.35
K2 - 35 ;7.68
K2 - 402 ;6.26
K2 - 609 ;5.67
K2 - 680 ;9.62
K2 - 698 ;10.87
K2 - 703 ;8.74
K2 - 735 ;4.22
K2 - 887 ;6.95
K3 - 171 ;11.12
K3 - 35 ;8.35
K3 - 402 ;10.62
K3 - 609 ;7.55
K3 - 680 ;8.77
K3 - 698 ;8.02
K3 - 703 ;10.13
K3 - 735 ;7.99
K3 - 887 ;10.5
K4 - 171 ;11.29
K4 - 35 ;8.87
K4 - 402 ;12.54
K4 - 609 ;8.57
K4 - 680 ;13.24
K4 - 698 ;8.73
K4 - 703 ;10.51
K4 - 735 ;6.2
K4 - 887 ;9.43
GA1 - 171 ;13.5
GA1 - 35 ;3.67
GA1 - 402 ;10.11
GA1 - 609 ;9.55
GA1 - 680 ;9.47
GA1 - 698 ;9.59
GA1 - 703 ;7.62
GA1 - 735 ;8.38
GA1 - 887 ;11.53
GA2 - 171 ;8.96
GA2 - 35 ;5.82
GA2 - 402 ;12.44
GA2 - 609 ;8.66
GA2 - 680 ;10.91
GA2 - 698 ;10.66
GA2 - 703 ;6.68
GA2 - 735 ;8.78
GA2 - 887 ;6.87
GA3 - 171 ;10.62
GA3 - 35 ;4.94
GA3 - 402 ;13.03
GA3 - 609 ;7.84
GA3 - 680 ;7.16
GA3 - 698 ;7.58
GA3 - 703 ;6.18
GA3 - 735 ;9.66
GA3 - 887 ;10.91
GA4 - 171 ;8.7
GA4 - 35 ;5.0
GA4 - 402 ;8.1
GA4 - 609 ;7.11
GA4 - 680 ;11.9
GA4 - 698 ;9.88
GA4 - 703 ;9.94
GA4 - 735 ;4.94
GA4 - 887 ;13.59
K1 - 171 ;12.95
K1 - 35 ;4.8
K1 - 402 ;8.46
K1 - 609 ;8.44
K1 - 680 ;14.64
K1 - 698 ;7.23
K1 - 703 ;14.73
K1 - 735 ;10.51
K1 - 887 ;9.35
K2 - 171 ;13.31
K2 - 35 ;4.72
K2 - 402 ;8.46
K2 - 609 ;5.16
K2 - 680 ;15.02
K2 - 698 ;12.21
K2 - 703 ;8.63
K2 - 735 ;10.13
K2 - 887 ;8.99
K3 - 171 ;10.06
K3 - 35 ;6.21
K3 - 402 ;12.2
K3 - 609 ;7.55
K3 - 680 ;8.13
K3 - 698 ;10.59
K3 - 703 ;7.74
K3 - 735 ;8.63
K3 - 887 ;11.44
K4 - 171 ;9.64
K4 - 35 ;4.13
K4 - 402 ;8.08
K4 - 609 ;8.42
K4 - 680 ;6.18
K4 - 698 ;8.4
K4 - 703 ;5.94
K4 - 735 ;7.92
K4 - 887 ;11.4
GA1 - 171 ;16.68
GA1 - 35 ;5.85
GA1 - 402 ;5.13
GA1 - 609 ;10.12
GA1 - 680 ;4.89
GA1 - 698 ;6.72
GA1 - 703 ;13.98
GA1 - 735 ;3.13
GA1 - 887 ;5.46
GA2 - 171 ;11.11
GA2 - 35 ;2.8
GA2 - 402 ;8.16
GA2 - 609 ;25.18
GA2 - 680 ;4.4
GA2 - 698 ;9.38
GA2 - 703 ;8.99
GA2 - 735 ;7.26
GA2 - 887 ;5.05
GA3 - 171 ;53.13
GA3 - 35 ;3.37
GA3 - 402 ;19.24
GA3 - 609 ;14.53
GA3 - 680 ;8.1
GA3 - 698 ;6.93
GA3 - 703 ;14.99
GA3 - 735 ;4.31
GA3 - 887 ;5.64
GA4 - 171 ;23.97
GA4 - 35 ;5.92
GA4 - 402 ;16.7
GA4 - 609 ;14.79
GA4 - 680 ;5.01
GA4 - 698 ;7.82
GA4 - 703 ;7.11
GA4 - 735 ;3.45
GA4 - 887 ;3.86
K1 - 171 ;7.53
K1 - 35 ;4.69
K1 - 402 ;5.04
K1 - 609 ;13.09
K1 - 680 ;4.24
K1 - 698 ;7.3
K1 - 703 ;15.79
K1 - 735 ;8.02
K1 - 887 ;10.4
K2 - 171 ;10.93
K2 - 35 ;10.31
K2 - 402 ;10.93
K2 - 609 ;7.86
K2 - 680 ;13.12
K2 - 698 ;7.25
K2 - 703 ;10.1
K2 - 735 ;4.79
K2 - 887 ;5.39
K3 - 171 ;4.22
K3 - 35 ;9.86
K3 - 402 ;9.01
K3 - 609 ;5.83
K3 - 680 ;14.83
K3 - 698 ;4.85
K3 - 703 ;10.37
K3 - 735 ;7.46
K3 - 887 ;7.23
K4 - 171 ;15.39
K4 - 35 ;5.42
K4 - 402 ;6.11
K4 - 609 ;10.88
K4 - 680 ;8.11
K4 - 698 ;5.81
K4 - 703 ;9.47
K4 - 735 ;4.64
K4 - 887 ;3.79
;
SA;
GA1 - 171 ;66.61
GA1 - 35 ;84.0
GA1 - 402 ;24.01
GA1 - 609 ;96.15
GA1 - 680 ;79.79
GA1 - 698 ;128.84
GA1 - 703 ;40.82
GA1 - 735 ;182.87
GA1 - 887 ;187.55
GA2 - 171 ;39.42
GA2 - 35 ;99.45
GA2 - 402 ;41.97
GA2 - 609 ;166.95
GA2 - 680 ;80.16
GA2 - 698 ;34.99
GA2 - 703 ;30.56
GA2 - 735 ;50.82
GA2 - 887 ;147.4
GA3 - 171 ;105.66
GA3 - 35 ;125.16
GA3 - 402 ;38.47
GA3 - 609 ;71.71
GA3 - 680 ;95.53
GA3 - 698 ;42.94
GA3 - 703 ;32.04
GA3 - 735 ;57.17
GA3 - 887 ;237.24
GA4 - 171 ;69.59
GA4 - 35 ;191.47
GA4 - 402 ;36.75
GA4 - 609 ;117.7
GA4 - 680 ;80.51
GA4 - 698 ;60.37
GA4 - 703 ;32.49
GA4 - 735 ;140.76
GA4 - 887 ;172.13
K1 - 171 ;59.05
K1 - 35 ;90.41
K1 - 402 ;67.89
K1 - 609 ;41.27
K1 - 680 ;74.45
K1 - 698 ;43.47
K1 - 703 ;32.0
K1 - 735 ;59.51
K1 - 887 ;397.19
K2 - 171 ;80.62
K2 - 35 ;129.26
K2 - 402 ;47.8
K2 - 609 ;77.1
K2 - 680 ;87.15
K2 - 698 ;66.54
K2 - 703 ;144.56
K2 - 735 ;36.89
K2 - 887 ;169.72
K3 - 171 ;44.39
K3 - 35 ;110.95
K3 - 402 ;76.23
K3 - 609 ;72.39
K3 - 680 ;69.53
K3 - 698 ;200.4
K3 - 703 ;38.0
K3 - 735 ;35.13
K3 - 887 ;110.17
K4 - 171 ;62.78
K4 - 35 ;106.28
K4 - 402 ;40.54
K4 - 609 ;58.62
K4 - 680 ;95.63
K4 - 698 ;42.38
K4 - 703 ;33.4
K4 - 735 ;34.67
K4 - 887 ;129.51
GA1 - 171 ;48.07
GA1 - 35 ;97.03
GA1 - 402 ;36.26
GA1 - 609 ;93.8
GA1 - 680 ;59.67
GA1 - 698 ;44.9
GA1 - 703 ;20.9
GA1 - 735 ;129.17
GA1 - 887 ;154.15
GA2 - 171 ;56.31
GA2 - 35 ;135.47
GA2 - 402 ;32.09
GA2 - 609 ;75.09
GA2 - 680 ;77.94
GA2 - 698 ;43.62
GA2 - 703 ;45.87
GA2 - 735 ;84.09
GA2 - 887 ;190.52
GA3 - 171 ;48.2
GA3 - 35 ;120.49
GA3 - 402 ;43.88
GA3 - 609 ;67.03
GA3 - 680 ;63.52
GA3 - 698 ;44.6
GA3 - 703 ;53.2
GA3 - 735 ;23.22
GA3 - 887 ;133.89
GA4 - 171 ;71.59
GA4 - 35 ;206.64
GA4 - 402 ;35.66
GA4 - 609 ;83.08
GA4 - 680 ;78.23
GA4 - 698 ;38.58
GA4 - 703 ;36.23
GA4 - 735 ;46.57
GA4 - 887 ;164.17
K1 - 171 ;40.79
K1 - 35 ;78.15
K1 - 402 ;57.29
K1 - 609 ;66.25
K1 - 680 ;48.78
K1 - 698 ;48.05
K1 - 703 ;59.21
K1 - 735 ;54.38
K1 - 887 ;455.41
K2 - 171 ;67.13
K2 - 35 ;129.6
K2 - 402 ;30.49
K2 - 609 ;113.75
K2 - 680 ;101.46
K2 - 698 ;31.49
K2 - 703 ;43.64
K2 - 735 ;25.98
K2 - 887 ;219.04
K3 - 171 ;43.82
K3 - 35 ;174.47
K3 - 402 ;36.39
K3 - 609 ;79.5
K3 - 680 ;55.05
K3 - 698 ;106.51
K3 - 703 ;53.66
K3 - 735 ;33.9
K3 - 887 ;603.68
K4 - 171 ;88.14
K4 - 35 ;160.35
K4 - 402 ;67.23
K4 - 609 ;87.7
K4 - 680 ;73.51
K4 - 698 ;48.27
K4 - 703 ;49.35
K4 - 735 ;30.95
K4 - 887 ;154.9
GA1 - 171 ;234.17
GA1 - 35 ;82.2
GA1 - 402 ;34.82
GA1 - 609 ;124.0
GA1 - 680 ;44.66
GA1 - 698 ;47.7
GA1 - 703 ;55.97
GA1 - 735 ;25.81
GA1 - 887 ;85.39
GA2 - 171 ;44.26
GA2 - 35 ;57.37
GA2 - 402 ;57.01
GA2 - 609 ;148.5
GA2 - 680 ;50.29
GA2 - 698 ;34.34
GA2 - 703 ;63.31
GA2 - 735 ;40.71
GA2 - 887 ;83.28
GA3 - 171 ;32.28
GA3 - 35 ;121.89
GA3 - 402 ;130.07
GA3 - 609 ;142.46
GA3 - 680 ;50.93
GA3 - 698 ;58.25
GA3 - 703 ;88.26
GA3 - 735 ;46.88
GA3 - 887 ;76.13
GA4 - 171 ;38.77
GA4 - 35 ;83.97
GA4 - 402 ;36.38
GA4 - 609 ;165.43
GA4 - 680 ;65.84
GA4 - 698 ;25.46
GA4 - 703 ;74.77
GA4 - 735 ;34.77
GA4 - 887 ;89.98
K1 - 171 ;33.99
K1 - 35 ;50.91
K1 - 402 ;43.61
K1 - 609 ;96.87
K1 - 680 ;68.39
K1 - 698 ;241.99
K1 - 703 ;63.72
K1 - 735 ;55.56
K1 - 887 ;106.7
K2 - 171 ;281.39
K2 - 35 ;86.95
K2 - 402 ;29.57
K2 - 609 ;134.39
K2 - 680 ;125.66
K2 - 698 ;268.97
K2 - 703 ;48.48
K2 - 735 ;28.56
K2 - 887 ;133.74
K3 - 171 ;39.85
K3 - 35 ;64.66
K3 - 402 ;38.62
K3 - 609 ;94.63
K3 - 680 ;176.7
K3 - 698 ;35.8
K3 - 703 ;65.73
K3 - 735 ;31.48
K3 - 887 ;132.8
K4 - 171 ;45.38
K4 - 35 ;90.3
K4 - 402 ;46.42
K4 - 609 ;112.31
K4 - 680 ;48.75
K4 - 698 ;34.25
K4 - 703 ;42.41
K4 - 735 ;68.62
K4 - 887 ;161.63
GA1 - 171 ;55.71
GA1 - 35 ;117.5
GA1 - 402 ;59.7
GA1 - 609 ;202.77
GA1 - 680 ;137.24
GA1 - 698 ;51.59
GA1 - 703 ;74.15
GA1 - 735 ;49.99
GA1 - 887 ;60.47
GA2 - 171 ;48.82
GA2 - 35 ;132.93
GA2 - 402 ;26.99
GA2 - 609 ;181.65
GA2 - 680 ;230.35
GA2 - 698 ;42.29
GA2 - 703 ;40.36
GA2 - 735 ;74.25
GA2 - 887 ;114.14
GA3 - 171 ;50.95
GA3 - 35 ;262.5
GA3 - 402 ;92.8
GA3 - 609 ;203.1
GA3 - 680 ;231.82
GA3 - 698 ;46.69
GA3 - 703 ;103.72
GA3 - 735 ;33.75
GA3 - 887 ;128.46
GA4 - 171 ;48.06
GA4 - 35 ;250.89
GA4 - 402 ;146.98
GA4 - 609 ;208.06
GA4 - 680 ;135.13
GA4 - 698 ;39.1
GA4 - 703 ;68.36
GA4 - 735 ;38.84
GA4 - 887 ;64.99
K1 - 171 ;56.26
K1 - 35 ;80.98
K1 - 402 ;42.94
K1 - 609 ;195.24
K1 - 680 ;127.41
K1 - 698 ;36.16
K1 - 703 ;75.07
K1 - 735 ;47.52
K1 - 887 ;293.08
K2 - 171 ;59.46
K2 - 35 ;236.99
K2 - 402 ;65.3
K2 - 609 ;172.91
K2 - 680 ;188.92
K2 - 698 ;63.8
K2 - 703 ;59.99
K2 - 735 ;35.03
K2 - 887 ;89.96
K3 - 171 ;167.93
K3 - 35 ;211.41
K3 - 402 ;52.97
K3 - 609 ;95.34
K3 - 680 ;308.23
K3 - 698 ;52.33
K3 - 703 ;56.63
K3 - 735 ;38.05
K3 - 887 ;107.86
K4 - 171 ;65.01
K4 - 35 ;194.88
K4 - 402 ;46.71
K4 - 609 ;248.99
K4 - 680 ;164.17
K4 - 698 ;55.2
K4 - 703 ;50.1
K4 - 735 ;77.31
K4 - 887 ;156.09
;
DHZ;
GA1 - 171 ;0.1
GA1 - 35 ;0.15
GA1 - 402 ;0.07
GA1 - 609 ;0.06
GA1 - 680 ;0.06
GA1 - 698 ;0.09
GA1 - 703 ;0.08
GA1 - 735 ;0.05
GA1 - 887 ;0.11
GA2 - 171 ;0.07
GA2 - 35 ;0.13
GA2 - 402 ;0.09
GA2 - 609 ;0.17
GA2 - 680 ;0.09
GA2 - 698 ;0.14
GA2 - 703 ;0.1
GA2 - 735 ;0.07
GA2 - 887 ;0.12
GA3 - 171 ;0.1
GA3 - 35 ;0.1
GA3 - 402 ;0.14
GA3 - 609 ;0.08
GA3 - 680 ;0.08
GA3 - 698 ;0.13
GA3 - 703 ;0.08
GA3 - 735 ;0.08
GA3 - 887 ;0.09
GA4 - 171 ;0.08
GA4 - 35 ;0.15
GA4 - 402 ;0.09
GA4 - 609 ;0.07
GA4 - 680 ;0.08
GA4 - 698 ;0.09
GA4 - 703 ;0.06
GA4 - 735 ;0.08
GA4 - 887 ;0.11
K1 - 171 ;0.1
K1 - 35 ;0.13
K1 - 402 ;0.13
K1 - 609 ;0.08
K1 - 680 ;0.11
K1 - 698 ;0.1
K1 - 703 ;0.08
K1 - 735 ;0.04
K1 - 887 ;0.09
K2 - 171 ;0.08
K2 - 35 ;0.14
K2 - 402 ;0.13
K2 - 609 ;0.12
K2 - 680 ;0.09
K2 - 698 ;0.12
K2 - 703 ;0.07
K2 - 735 ;0.06
K2 - 887 ;0.16
K3 - 171 ;0.07
K3 - 35 ;0.14
K3 - 402 ;0.12
K3 - 609 ;0.1
K3 - 680 ;0.13
K3 - 698 ;0.11
K3 - 703 ;0.09
K3 - 735 ;0.08
K3 - 887 ;0.06
K4 - 171 ;0.09
K4 - 35 ;0.07
K4 - 402 ;0.08
K4 - 609 ;0.08
K4 - 680 ;0.07
K4 - 698 ;0.1
K4 - 703 ;0.09
K4 - 735 ;0.04
K4 - 887 ;0.14
GA1 - 171 ;0.12
GA1 - 35 ;0.14
GA1 - 402 ;0.14
GA1 - 609 ;0.18
GA1 - 680 ;0.16
GA1 - 698 ;0.16
GA1 - 703 ;0.05
GA1 - 735 ;0.06
GA1 - 887 ;0.11
GA2 - 171 ;0.15
GA2 - 35 ;0.19
GA2 - 402 ;0.13
GA2 - 609 ;0.22
GA2 - 680 ;0.2
GA2 - 698 ;0.14
GA2 - 703 ;0.14
GA2 - 735 ;0.09
GA2 - 887 ;0.14
GA3 - 171 ;0.14
GA3 - 35 ;0.15
GA3 - 402 ;0.16
GA3 - 609 ;0.11
GA3 - 680 ;0.12
GA3 - 698 ;0.16
GA3 - 703 ;0.13
GA3 - 735 ;0.05
GA3 - 887 ;0.18
GA4 - 171 ;0.38
GA4 - 35 ;0.17
GA4 - 402 ;0.12
GA4 - 609 ;0.19
GA4 - 680 ;0.12
GA4 - 698 ;0.2
GA4 - 703 ;0.13
GA4 - 735 ;0.07
GA4 - 887 ;0.15
K1 - 171 ;0.18
K1 - 35 ;0.18
K1 - 402 ;0.11
K1 - 609 ;0.12
K1 - 680 ;0.24
K1 - 698 ;0.11
K1 - 703 ;0.12
K1 - 735 ;0.06
K1 - 887 ;0.1
K2 - 171 ;0.15
K2 - 35 ;0.14
K2 - 402 ;0.1
K2 - 609 ;0.25
K2 - 680 ;0.14
K2 - 698 ;0.21
K2 - 703 ;0.14
K2 - 735 ;0.08
K2 - 887 ;0.13
K3 - 171 ;0.15
K3 - 35 ;0.15
K3 - 402 ;0.18
K3 - 609 ;0.18
K3 - 680 ;0.14
K3 - 698 ;0.14
K3 - 703 ;0.15
K3 - 735 ;0.05
K3 - 887 ;0.09
K4 - 171 ;0.16
K4 - 35 ;0.14
K4 - 402 ;0.13
K4 - 609 ;0.18
K4 - 680 ;0.19
K4 - 698 ;0.19
K4 - 703 ;0.13
K4 - 735 ;0.09
K4 - 887 ;0.12
GA1 - 171 ;0.14
GA1 - 35 ;0.16
GA1 - 402 ;0.09
GA1 - 609 ;0.18
GA1 - 680 ;0.19
GA1 - 698 ;0.17
GA1 - 703 ;0.13
GA1 - 735 ;0.14
GA1 - 887 ;0.12
GA2 - 171 ;0.15
GA2 - 35 ;0.19
GA2 - 402 ;0.11
GA2 - 609 ;0.26
GA2 - 680 ;0.17
GA2 - 698 ;0.2
GA2 - 703 ;0.2
GA2 - 735 ;0.13
GA2 - 887 ;0.13
GA3 - 171 ;0.16
GA3 - 35 ;0.23
GA3 - 402 ;0.14
GA3 - 609 ;0.25
GA3 - 680 ;0.24
GA3 - 698 ;0.24
GA3 - 703 ;0.13
GA3 - 735 ;0.11
GA3 - 887 ;0.16
GA4 - 171 ;0.19
GA4 - 35 ;0.31
GA4 - 402 ;0.21
GA4 - 609 ;0.26
GA4 - 680 ;0.2
GA4 - 698 ;0.2
GA4 - 703 ;0.16
GA4 - 735 ;0.14
GA4 - 887 ;0.17
K1 - 171 ;0.19
K1 - 35 ;0.19
K1 - 402 ;0.17
K1 - 609 ;0.22
K1 - 680 ;0.21
K1 - 698 ;0.28
K1 - 703 ;0.14
K1 - 735 ;0.14
K1 - 887 ;0.12
K2 - 171 ;0.15
K2 - 35 ;0.22
K2 - 402 ;0.14
K2 - 609 ;0.25
K2 - 680 ;0.21
K2 - 698 ;0.17
K2 - 703 ;0.11
K2 - 735 ;0.13
K2 - 887 ;0.13
K3 - 171 ;0.15
K3 - 35 ;0.15
K3 - 402 ;0.17
K3 - 609 ;0.2
K3 - 680 ;0.17
K3 - 698 ;0.16
K3 - 703 ;0.13
K3 - 735 ;0.15
K3 - 887 ;0.13
K4 - 171 ;0.18
K4 - 35 ;0.15
K4 - 402 ;0.17
K4 - 609 ;0.23
K4 - 680 ;0.2
K4 - 698 ;0.21
K4 - 703 ;0.14
K4 - 735 ;0.1
K4 - 887 ;0.15
GA1 - 171 ;0.22
GA1 - 35 ;0.26
GA1 - 402 ;0.25
GA1 - 609 ;0.24
GA1 - 680 ;0.24
GA1 - 698 ;0.23
GA1 - 703 ;0.27
GA1 - 735 ;0.18
GA1 - 887 ;0.17
GA2 - 171 ;0.19
GA2 - 35 ;0.34
GA2 - 402 ;0.12
GA2 - 609 ;0.35
GA2 - 680 ;0.35
GA2 - 698 ;0.52
GA2 - 703 ;0.27
GA2 - 735 ;0.24
GA2 - 887 ;0.24
GA3 - 171 ;0.21
GA3 - 35 ;0.32
GA3 - 402 ;0.27
GA3 - 609 ;0.25
GA3 - 680 ;0.34
GA3 - 698 ;0.34
GA3 - 703 ;0.3
GA3 - 735 ;0.29
GA3 - 887 ;0.26
GA4 - 171 ;0.16
GA4 - 35 ;0.31
GA4 - 402 ;0.28
GA4 - 609 ;0.34
GA4 - 680 ;0.25
GA4 - 698 ;0.35
GA4 - 703 ;0.2
GA4 - 735 ;0.18
GA4 - 887 ;0.24
K1 - 171 ;0.17
K1 - 35 ;0.25
K1 - 402 ;0.2
K1 - 609 ;0.31
K1 - 680 ;0.31
K1 - 698 ;0.31
K1 - 703 ;0.2
K1 - 735 ;0.32
K1 - 887 ;0.2
K2 - 171 ;0.14
K2 - 35 ;0.3
K2 - 402 ;0.16
K2 - 609 ;0.34
K2 - 680 ;0.23
K2 - 698 ;0.44
K2 - 703 ;0.25
K2 - 735 ;0.24
K2 - 887 ;0.24
K3 - 171 ;0.19
K3 - 35 ;0.27
K3 - 402 ;0.23
K3 - 609 ;0.18
K3 - 680 ;0.19
K3 - 698 ;0.21
K3 - 703 ;0.25
K3 - 735 ;0.25
K3 - 887 ;0.19
K4 - 171 ;0.18
K4 - 35 ;0.27
K4 - 402 ;0.21
K4 - 609 ;0.31
K4 - 680 ;0.2
K4 - 698 ;0.29
K4 - 703 ;0.24
K4 - 735 ;0.22
K4 - 887 ;0.2
;
iP;
GA1 - 171 ;0.01
GA1 - 35 ;0.01
GA1 - 402 ;0.01
GA1 - 609 ;0.01
GA1 - 680 ;0.01
GA1 - 698 ;0.01
GA1 - 703 ;0.01
GA1 - 735 ;0.01
GA1 - 887 ;0.01
GA2 - 171 ;0.01
GA2 - 35 ;0.01
GA2 - 402 ;0.0
GA2 - 609 ;0.01
GA2 - 680 ;0.01
GA2 - 698 ;0.01
GA2 - 703 ;0.01
GA2 - 735 ;0.01
GA2 - 887 ;0.02
GA3 - 171 ;0.01
GA3 - 35 ;0.01
GA3 - 402 ;0.01
GA3 - 609 ;0.01
GA3 - 680 ;0.01
GA3 - 698 ;0.01
GA3 - 703 ;0.01
GA3 - 735 ;0.01
GA3 - 887 ;0.01
GA4 - 171 ;0.01
GA4 - 35 ;0.02
GA4 - 402 ;0.01
GA4 - 609 ;0.01
GA4 - 680 ;0.01
GA4 - 698 ;0.01
GA4 - 703 ;0.01
GA4 - 735 ;0.01
GA4 - 887 ;0.01
K1 - 171 ;0.01
K1 - 35 ;0.02
K1 - 402 ;0.01
K1 - 609 ;0.01
K1 - 680 ;0.01
K1 - 698 ;0.01
K1 - 703 ;0.01
K1 - 735 ;0.01
K1 - 887 ;0.02
K2 - 171 ;0.01
K2 - 35 ;0.01
K2 - 402 ;0.01
K2 - 609 ;0.01
K2 - 680 ;0.01
K2 - 698 ;0.01
K2 - 703 ;0.01
K2 - 735 ;0.01
K2 - 887 ;0.02
K3 - 171 ;0.02
K3 - 35 ;0.01
K3 - 402 ;0.01
K3 - 609 ;0.01
K3 - 680 ;0.01
K3 - 698 ;0.01
K3 - 703 ;0.01
K3 - 735 ;0.01
K3 - 887 ;0.01
K4 - 171 ;0.01
K4 - 35 ;0.01
K4 - 402 ;0.01
K4 - 609 ;0.01
K4 - 680 ;0.01
K4 - 698 ;0.01
K4 - 703 ;0.01
K4 - 735 ;0.01
K4 - 887 ;0.02
GA1 - 171 ;0.01
GA1 - 35 ;0.01
GA1 - 402 ;0.01
GA1 - 609 ;0.01
GA1 - 680 ;0.01
GA1 - 698 ;0.01
GA1 - 703 ;0.0
GA1 - 735 ;0.01
GA1 - 887 ;0.01
GA2 - 171 ;0.01
GA2 - 35 ;0.01
GA2 - 402 ;0.01
GA2 - 609 ;0.01
GA2 - 680 ;0.01
GA2 - 698 ;0.01
GA2 - 703 ;0.01
GA2 - 735 ;0.01
GA2 - 887 ;0.01
GA3 - 171 ;0.02
GA3 - 35 ;0.01
GA3 - 402 ;0.01
GA3 - 609 ;0.01
GA3 - 680 ;0.01
GA3 - 698 ;0.01
GA3 - 703 ;0.01
GA3 - 735 ;0.01
GA3 - 887 ;0.01
GA4 - 171 ;0.02
GA4 - 35 ;0.01
GA4 - 402 ;0.01
GA4 - 609 ;0.01
GA4 - 680 ;0.01
GA4 - 698 ;0.01
GA4 - 703 ;0.0
GA4 - 735 ;0.01
GA4 - 887 ;0.01
K1 - 171 ;0.01
K1 - 35 ;0.01
K1 - 402 ;0.01
K1 - 609 ;0.01
K1 - 680 ;0.01
K1 - 698 ;0.01
K1 - 703 ;0.01
K1 - 735 ;0.01
K1 - 887 ;0.01
K2 - 171 ;0.01
K2 - 35 ;0.01
K2 - 402 ;0.01
K2 - 609 ;0.01
K2 - 680 ;0.01
K2 - 698 ;0.01
K2 - 703 ;0.01
K2 - 735 ;0.01
K2 - 887 ;0.01
K3 - 171 ;0.01
K3 - 35 ;0.01
K3 - 402 ;0.01
K3 - 609 ;0.01
K3 - 680 ;0.01
K3 - 698 ;0.01
K3 - 703 ;0.0
K3 - 735 ;0.01
K3 - 887 ;0.01
K4 - 171 ;0.01
K4 - 35 ;0.01
K4 - 402 ;0.01
K4 - 609 ;0.01
K4 - 680 ;0.01
K4 - 698 ;0.01
K4 - 703 ;0.01
K4 - 735 ;0.01
K4 - 887 ;0.01
GA1 - 171 ;0.02
GA1 - 35 ;0.02
GA1 - 402 ;0.01
GA1 - 609 ;0.02
GA1 - 680 ;0.02
GA1 - 698 ;0.01
GA1 - 703 ;0.01
GA1 - 735 ;0.01
GA1 - 887 ;0.01
GA2 - 171 ;0.02
GA2 - 35 ;0.02
GA2 - 402 ;0.01
GA2 - 609 ;0.01
GA2 - 680 ;0.02
GA2 - 698 ;0.01
GA2 - 703 ;0.01
GA2 - 735 ;0.01
GA2 - 887 ;0.01
GA3 - 171 ;0.01
GA3 - 35 ;0.02
GA3 - 402 ;0.01
GA3 - 609 ;0.02
GA3 - 680 ;0.03
GA3 - 698 ;0.01
GA3 - 703 ;0.01
GA3 - 735 ;0.01
GA3 - 887 ;0.02
GA4 - 171 ;0.02
GA4 - 35 ;0.03
GA4 - 402 ;0.01
GA4 - 609 ;0.02
GA4 - 680 ;0.02
GA4 - 698 ;0.01
GA4 - 703 ;0.01
GA4 - 735 ;0.01
GA4 - 887 ;0.02
K1 - 171 ;0.02
K1 - 35 ;0.02
K1 - 402 ;0.01
K1 - 609 ;0.02
K1 - 680 ;0.02
K1 - 698 ;0.01
K1 - 703 ;0.01
K1 - 735 ;0.01
K1 - 887 ;0.01
K2 - 171 ;0.01
K2 - 35 ;0.03
K2 - 402 ;0.01
K2 - 609 ;0.01
K2 - 680 ;0.02
K2 - 698 ;0.01
K2 - 703 ;0.01
K2 - 735 ;0.02
K2 - 887 ;0.01
K3 - 171 ;0.03
K3 - 35 ;0.02
K3 - 402 ;0.01
K3 - 609 ;0.01
K3 - 680 ;0.01
K3 - 698 ;0.01
K3 - 703 ;0.01
K3 - 735 ;0.01
K3 - 887 ;0.01
K4 - 171 ;0.02
K4 - 35 ;0.02
K4 - 402 ;0.01
K4 - 609 ;0.02
K4 - 680 ;0.02
K4 - 698 ;0.01
K4 - 703 ;0.01
K4 - 735 ;0.01
K4 - 887 ;0.01
GA1 - 171 ;0.04
GA1 - 35 ;0.03
GA1 - 402 ;0.02
GA1 - 609 ;0.04
GA1 - 680 ;0.03
GA1 - 698 ;0.01
GA1 - 703 ;0.02
GA1 - 735 ;0.02
GA1 - 887 ;0.03
GA2 - 171 ;0.04
GA2 - 35 ;0.05
GA2 - 402 ;0.01
GA2 - 609 ;0.03
GA2 - 680 ;0.05
GA2 - 698 ;0.03
GA2 - 703 ;0.02
GA2 - 735 ;0.03
GA2 - 887 ;0.05
GA3 - 171 ;0.04
GA3 - 35 ;0.08
GA3 - 402 ;0.01
GA3 - 609 ;0.04
GA3 - 680 ;0.04
GA3 - 698 ;0.02
GA3 - 703 ;0.05
GA3 - 735 ;0.01
GA3 - 887 ;0.03
GA4 - 171 ;0.04
GA4 - 35 ;0.08
GA4 - 402 ;0.02
GA4 - 609 ;0.04
GA4 - 680 ;0.05
GA4 - 698 ;0.02
GA4 - 703 ;0.02
GA4 - 735 ;0.03
GA4 - 887 ;0.04
K1 - 171 ;0.04
K1 - 35 ;0.05
K1 - 402 ;0.03
K1 - 609 ;0.04
K1 - 680 ;0.03
K1 - 698 ;0.01
K1 - 703 ;0.02
K1 - 735 ;0.02
K1 - 887 ;0.02
K2 - 171 ;0.04
K2 - 35 ;0.07
K2 - 402 ;0.01
K2 - 609 ;0.02
K2 - 680 ;0.04
K2 - 698 ;0.02
K2 - 703 ;0.01
K2 - 735 ;0.03
K2 - 887 ;0.03
K3 - 171 ;0.03
K3 - 35 ;0.04
K3 - 402 ;0.03
K3 - 609 ;0.02
K3 - 680 ;0.03
K3 - 698 ;0.01
K3 - 703 ;0.02
K3 - 735 ;0.03
K3 - 887 ;0.02
K4 - 171 ;0.04
K4 - 35 ;0.05
K4 - 402 ;0.01
K4 - 609 ;0.03
K4 - 680 ;0.05
K4 - 698 ;0.02
K4 - 703 ;0.02
K4 - 735 ;0.02
K4 - 887 ;0.03
;
tZ;
GA1 - 171 ;0.06
GA1 - 35 ;0.07
GA1 - 402 ;0.02
GA1 - 609 ;0.02
GA1 - 680 ;0.03
GA1 - 698 ;0.07
GA1 - 703 ;0.03
GA1 - 735 ;0.02
GA1 - 887 ;0.04
GA2 - 171 ;0.03
GA2 - 35 ;0.06
GA2 - 402 ;0.03
GA2 - 609 ;0.03
GA2 - 680 ;0.05
GA2 - 698 ;0.05
GA2 - 703 ;0.02
GA2 - 735 ;0.03
GA2 - 887 ;0.06
GA3 - 171 ;0.05
GA3 - 35 ;0.04
GA3 - 402 ;0.04
GA3 - 609 ;0.03
GA3 - 680 ;0.06
GA3 - 698 ;0.08
GA3 - 703 ;0.04
GA3 - 735 ;0.02
GA3 - 887 ;0.04
GA4 - 171 ;0.04
GA4 - 35 ;0.06
GA4 - 402 ;0.03
GA4 - 609 ;0.02
GA4 - 680 ;0.03
GA4 - 698 ;0.04
GA4 - 703 ;0.03
GA4 - 735 ;0.03
GA4 - 887 ;0.03
K1 - 171 ;0.05
K1 - 35 ;0.03
K1 - 402 ;0.05
K1 - 609 ;0.03
K1 - 680 ;0.05
K1 - 698 ;0.03
K1 - 703 ;0.03
K1 - 735 ;0.02
K1 - 887 ;0.03
K2 - 171 ;0.04
K2 - 35 ;0.03
K2 - 402 ;0.05
K2 - 609 ;0.03
K2 - 680 ;0.05
K2 - 698 ;0.04
K2 - 703 ;0.03
K2 - 735 ;0.03
K2 - 887 ;0.06
K3 - 171 ;0.02
K3 - 35 ;0.04
K3 - 402 ;0.04
K3 - 609 ;0.02
K3 - 680 ;0.06
K3 - 698 ;0.04
K3 - 703 ;0.04
K3 - 735 ;0.03
K3 - 887 ;0.04
K4 - 171 ;0.04
K4 - 35 ;0.03
K4 - 402 ;0.03
K4 - 609 ;0.03
K4 - 680 ;0.03
K4 - 698 ;0.06
K4 - 703 ;0.05
K4 - 735 ;0.01
K4 - 887 ;0.06
GA1 - 171 ;0.05
GA1 - 35 ;0.03
GA1 - 402 ;0.04
GA1 - 609 ;0.04
GA1 - 680 ;0.03
GA1 - 698 ;0.08
GA1 - 703 ;0.01
GA1 - 735 ;0.02
GA1 - 887 ;0.03
GA2 - 171 ;0.04
GA2 - 35 ;0.05
GA2 - 402 ;0.03
GA2 - 609 ;0.04
GA2 - 680 ;0.04
GA2 - 698 ;0.04
GA2 - 703 ;0.03
GA2 - 735 ;0.02
GA2 - 887 ;0.04
GA3 - 171 ;0.03
GA3 - 35 ;0.03
GA3 - 402 ;0.04
GA3 - 609 ;0.02
GA3 - 680 ;0.04
GA3 - 698 ;0.06
GA3 - 703 ;0.03
GA3 - 735 ;0.02
GA3 - 887 ;0.06
GA4 - 171 ;0.11
GA4 - 35 ;0.03
GA4 - 402 ;0.03
GA4 - 609 ;0.04
GA4 - 680 ;0.03
GA4 - 698 ;0.06
GA4 - 703 ;0.03
GA4 - 735 ;0.03
GA4 - 887 ;0.03
K1 - 171 ;0.03
K1 - 35 ;0.05
K1 - 402 ;0.02
K1 - 609 ;0.03
K1 - 680 ;0.03
K1 - 698 ;0.04
K1 - 703 ;0.03
K1 - 735 ;0.02
K1 - 887 ;0.03
K2 - 171 ;0.04
K2 - 35 ;0.03
K2 - 402 ;0.02
K2 - 609 ;0.05
K2 - 680 ;0.03
K2 - 698 ;0.08
K2 - 703 ;0.04
K2 - 735 ;0.03
K2 - 887 ;0.03
K3 - 171 ;0.02
K3 - 35 ;0.05
K3 - 402 ;0.04
K3 - 609 ;0.04
K3 - 680 ;0.03
K3 - 698 ;0.03
K3 - 703 ;0.05
K3 - 735 ;0.02
K3 - 887 ;0.02
K4 - 171 ;0.04
K4 - 35 ;0.03
K4 - 402 ;0.03
K4 - 609 ;0.03
K4 - 680 ;0.04
K4 - 698 ;0.06
K4 - 703 ;0.04
K4 - 735 ;0.02
K4 - 887 ;0.03
GA1 - 171 ;0.03
GA1 - 35 ;0.04
GA1 - 402 ;0.02
GA1 - 609 ;0.03
GA1 - 680 ;0.03
GA1 - 698 ;0.08
GA1 - 703 ;0.04
GA1 - 735 ;0.03
GA1 - 887 ;0.02
GA2 - 171 ;0.04
GA2 - 35 ;0.06
GA2 - 402 ;0.03
GA2 - 609 ;0.05
GA2 - 680 ;0.03
GA2 - 698 ;0.06
GA2 - 703 ;0.04
GA2 - 735 ;0.03
GA2 - 887 ;0.03
GA3 - 171 ;0.05
GA3 - 35 ;0.05
GA3 - 402 ;0.04
GA3 - 609 ;0.03
GA3 - 680 ;0.04
GA3 - 698 ;0.05
GA3 - 703 ;0.04
GA3 - 735 ;0.03
GA3 - 887 ;0.03
GA4 - 171 ;0.05
GA4 - 35 ;0.05
GA4 - 402 ;0.04
GA4 - 609 ;0.04
GA4 - 680 ;0.04
GA4 - 698 ;0.05
GA4 - 703 ;0.05
GA4 - 735 ;0.02
GA4 - 887 ;0.04
K1 - 171 ;0.06
K1 - 35 ;0.04
K1 - 402 ;0.04
K1 - 609 ;0.04
K1 - 680 ;0.04
K1 - 698 ;0.06
K1 - 703 ;0.04
K1 - 735 ;0.03
K1 - 887 ;0.03
K2 - 171 ;0.04
K2 - 35 ;0.05
K2 - 402 ;0.03
K2 - 609 ;0.03
K2 - 680 ;0.04
K2 - 698 ;0.05
K2 - 703 ;0.03
K2 - 735 ;0.03
K2 - 887 ;0.03
K3 - 171 ;0.03
K3 - 35 ;0.03
K3 - 402 ;0.04
K3 - 609 ;0.03
K3 - 680 ;0.03
K3 - 698 ;0.04
K3 - 703 ;0.02
K3 - 735 ;0.03
K3 - 887 ;0.03
K4 - 171 ;0.05
K4 - 35 ;0.03
K4 - 402 ;0.04
K4 - 609 ;0.03
K4 - 680 ;0.04
K4 - 698 ;0.05
K4 - 703 ;0.03
K4 - 735 ;0.03
K4 - 887 ;0.04
GA1 - 171 ;0.09
GA1 - 35 ;0.06
GA1 - 402 ;0.05
GA1 - 609 ;0.03
GA1 - 680 ;0.04
GA1 - 698 ;0.03
GA1 - 703 ;0.05
GA1 - 735 ;0.03
GA1 - 887 ;0.03
GA2 - 171 ;0.06
GA2 - 35 ;0.06
GA2 - 402 ;0.03
GA2 - 609 ;0.04
GA2 - 680 ;0.06
GA2 - 698 ;0.06
GA2 - 703 ;0.04
GA2 - 735 ;0.03
GA2 - 887 ;0.04
GA3 - 171 ;0.06
GA3 - 35 ;0.07
GA3 - 402 ;0.07
GA3 - 609 ;0.03
GA3 - 680 ;0.09
GA3 - 698 ;0.08
GA3 - 703 ;0.06
GA3 - 735 ;0.06
GA3 - 887 ;0.04
GA4 - 171 ;0.04
GA4 - 35 ;0.06
GA4 - 402 ;0.05
GA4 - 609 ;0.04
GA4 - 680 ;0.04
GA4 - 698 ;0.06
GA4 - 703 ;0.03
GA4 - 735 ;0.03
GA4 - 887 ;0.04
K1 - 171 ;0.04
K1 - 35 ;0.05
K1 - 402 ;0.04
K1 - 609 ;0.04
K1 - 680 ;0.06
K1 - 698 ;0.05
K1 - 703 ;0.04
K1 - 735 ;0.05
K1 - 887 ;0.03
K2 - 171 ;0.04
K2 - 35 ;0.06
K2 - 402 ;0.03
K2 - 609 ;0.05
K2 - 680 ;0.05
K2 - 698 ;0.09
K2 - 703 ;0.06
K2 - 735 ;0.03
K2 - 887 ;0.05
K3 - 171 ;0.04
K3 - 35 ;0.06
K3 - 402 ;0.05
K3 - 609 ;0.02
K3 - 680 ;0.04
K3 - 698 ;0.05
K3 - 703 ;0.04
K3 - 735 ;0.03
K3 - 887 ;0.02
K4 - 171 ;0.05
K4 - 35 ;0.04
K4 - 402 ;0.05
K4 - 609 ;0.04
K4 - 680 ;0.03
K4 - 698 ;0.06
K4 - 703 ;0.05
K4 - 735 ;0.03
K4 - 887 ;0.03
;
