Sample_Type,Trip_Number,Hormone,min_Control,median_Control,Q3_Control,max_Control,min_Treated,median_Treated,Q3_Treated,max_Treated
35,1,GA4,1.49,2.2954999999999997,2.53425,2.778,1.733,5.149,5.7695,6.413
35,2,GA4,2.161,3.7725,4.753,5.458,1.268,5.724500000000001,6.774000000000001,9.069
35,3,GA4,0.116,0.8140000000000001,0.9205,0.958,2.372,4.138,16.08475,51.361
35,4,GA4,0.071,0.131,0.23,0.422,0.37,1.3904999999999998,24.505,90.853
171,1,GA4,1.937,5.0535,7.4275,7.705,0.381,2.3609999999999998,2.606,2.681
171,2,GA4,2.58,2.723,2.824,3.073,1.092,2.1550000000000002,2.55225,3.414
171,3,GA4,0.385,0.865,1.90125,3.876,0.7,2.396,7.18,18.301
171,4,GA4,0.181,0.538,0.75525,0.813,1.597,2.354,8.86575,28.089
402,1,GA4,1.321,1.7469999999999999,2.032,2.248,0.201,0.5635,1.10725,2.347
402,2,GA4,0.563,0.877,1.45275,3.063,1.232,1.5465,1.82625,2.301
402,3,GA4,0.238,0.485,0.59425,0.85,0.698,6.122,48.446,171.245
402,4,GA4,0.099,0.23550000000000001,0.2805,0.315,0.383,1.9380000000000002,2.63125,4.288
609,1,GA4,2.064,3.3709999999999996,4.70725,4.837,0.587,2.224,2.627,2.774
609,2,GA4,1.383,5.535,7.037,8.807,0.977,2.366,3.2475,3.39
609,3,GA4,0.275,1.3475,2.2344999999999997,2.839,2.502,10.7375,11.80925,12.17
609,4,GA4,0.199,0.44999999999999996,0.7667499999999999,0.997,0.449,2.1849999999999996,4.1905,5.458
680,1,GA4,1.449,3.1075,4.9225,6.421,1.301,1.928,3.075,6.411
680,2,GA4,1.334,1.7974999999999999,2.51425,3.73,0.89,1.301,1.619,1.673
680,3,GA4,0.083,0.8155,0.8325,0.84,0.745,9.908000000000001,27.197000000000003,52.055
680,4,GA4,0.192,0.692,1.02,1.989,0.386,1.6035,2.70625,2.989
698,1,GA4,0.38,2.1260000000000003,2.5852500000000003,2.907,1.465,2.134,3.27125,5.054
698,2,GA4,1.256,1.662,2.80525,6.193,0.976,2.1870000000000003,3.128,3.839
698,3,GA4,0.387,0.9125000000000001,1.0205,1.307,0.17,3.3230000000000004,52.878,193.956
698,4,GA4,0.775,1.7565,2.1537499999999996,2.441,1.655,9.922999999999998,26.464,57.31
703,1,GA4,0.794,3.306,4.5592500000000005,6.186,2.681,3.561,4.4325,5.895
703,2,GA4,2.781,3.1465,3.65925,4.95,1.739,2.9285,3.50175,4.005
703,3,GA4,0.813,3.456,4.0035,5.043,1.595,4.2695,6.0815,6.845
703,4,GA4,1.784,3.065,4.49925,5.361,1.806,2.1005,7.20975,21.894
735,1,GA4,1.305,4.4685,6.651,11.43,0.886,1.9805000000000001,2.5162500000000003,4.083
735,2,GA4,3.208,3.998,5.58775,8.962,0.823,4.1605,5.4495000000000005,6.045
735,3,GA4,3.316,3.49,3.73175,4.151,13.403,87.823,165.3735,177.246
735,4,GA4,0.399,1.3605,2.125,3.001,3.584,8.475999999999999,25.203,70.167
887,1,GA4,0.453,4.383,8.2755,9.732,4.397,5.6129999999999995,5.9552499999999995,6.901
887,2,GA4,0.266,0.4925,0.9085,1.828,2.817,3.8915,5.61725,8.504
887,3,GA4,0.928,3.8280000000000003,5.4115,9.844,8.616,22.33,31.27525,45.223
887,4,GA4,1.125,2.8280000000000003,5.80675,10.684,22.695,110.0915,146.95274999999998,169.245
35,1,GA1,0.33,0.457,0.5,0.623,0.475,0.671,0.714,0.813
35,2,GA1,0.453,0.52,0.53725,0.562,0.418,0.7095,0.7505,0.827
35,3,GA1,0.438,0.5895,0.73175,0.767,0.452,0.56,0.74925,1.059
35,4,GA1,0.699,0.856,1.03175,1.31,0.887,1.335,1.436,1.484
171,1,GA1,0.476,0.601,0.70775,0.923,0.46,0.6975,0.833,1.031
171,2,GA1,0.408,0.46950000000000003,0.51125,0.551,0.366,0.40049999999999997,0.44949999999999996,0.574
171,3,GA1,0.366,0.5045000000000001,0.56325,0.579,0.347,0.5575,0.69375,0.885
171,4,GA1,0.391,0.7365,0.89175,1.17,0.81,1.0255,1.17275,1.31
402,1,GA1,0.999,1.1915,1.2850000000000001,1.411,0.775,0.981,1.1895,1.323
402,2,GA1,0.674,0.758,0.8222499999999999,0.847,0.637,0.675,0.6910000000000001,0.712
402,3,GA1,0.805,1.002,1.1192499999999999,1.39,0.272,0.741,1.2955,1.651
402,4,GA1,0.615,0.948,1.002,1.02,0.488,0.9430000000000001,1.24725,1.422
609,1,GA1,0.429,0.548,0.61175,0.731,0.485,0.5445,0.59275,0.604
609,2,GA1,0.515,0.8305,0.85775,0.887,0.512,0.6065,0.73925,0.893
609,3,GA1,0.621,1.0614999999999999,1.3955,1.436,0.708,0.8665,0.97,1.012
609,4,GA1,0.926,1.2535,1.364,1.394,1.02,1.306,1.47525,1.698
680,1,GA1,0.523,0.5745,0.596,0.62,0.414,0.735,0.74825,0.767
680,2,GA1,0.488,0.5934999999999999,0.6325,0.697,0.303,0.48850000000000005,0.55575,0.606
680,3,GA1,0.201,0.5,0.663,0.777,0.443,0.5575,0.753,1.296
680,4,GA1,0.385,0.524,0.61425,0.822,0.707,0.835,0.9692500000000001,1.153
698,1,GA1,0.185,0.494,0.52425,0.594,0.369,0.46699999999999997,2.2035,7.359
698,2,GA1,0.354,0.4515,0.49575,0.549,0.243,0.43000000000000005,0.55175,0.569
698,3,GA1,0.51,0.5805,0.6535,0.682,0.309,0.579,0.59475,0.633
698,4,GA1,0.733,0.8295,0.89075,0.905,0.719,0.9055,1.103,1.601
703,1,GA1,0.186,0.28500000000000003,0.37775000000000003,0.38,0.345,0.4555,0.513,0.525
703,2,GA1,0.252,0.313,0.3305,0.338,0.204,0.3275,0.3755,0.389
703,3,GA1,0.253,0.35350000000000004,0.4335,0.618,0.333,0.344,0.35824999999999996,0.392
703,4,GA1,0.461,0.5105,0.57275,0.719,0.508,0.6575,0.7445,0.986
735,1,GA1,0.248,0.3005,0.362,0.5,0.077,0.22299999999999998,0.2905,0.298
735,2,GA1,0.38,0.5015,0.59575,0.637,0.171,0.3095,0.321,0.339
735,3,GA1,0.518,0.558,0.587,0.617,0.398,0.5825,0.615,0.636
735,4,GA1,0.65,0.7585,0.8115,0.849,0.397,0.7015,0.8069999999999999,1.074
887,1,GA1,0.041,0.1215,0.172,0.235,0.142,0.2315,0.27675,0.3
887,2,GA1,0.113,0.1225,0.131,0.131,0.181,0.1885,0.2435,0.386
887,3,GA1,0.203,0.3315,0.483,0.744,0.357,0.3915,0.44925000000000004,0.615
887,4,GA1,0.266,0.573,0.58875,0.627,0.714,0.7869999999999999,1.2575,2.462
35,1,GA7,1.49,3.8550000000000004,5.5125,5.73,1.37,2.125,2.6625,3.15
35,2,GA7,1.33,2.76,3.0275,3.05,2.55,4.0600000000000005,5.1475,6.34
35,3,GA7,0.29,1.4,2.0300000000000002,3.29,4.62,5.99,25.222499999999997,79.02
35,4,GA7,,,,,0.18,0.795,16.375,61.57
171,1,GA7,3.47,3.935,4.15,4.27,0.55,3.0149999999999997,3.1075,3.37
171,2,GA7,1.5,1.78,1.975,1.99,2.36,2.855,3.325,4.0
171,3,GA7,0.46,0.835,1.1325,1.77,2.81,6.005,14.04,29.37
171,4,GA7,0.61,1.2999999999999998,1.8624999999999998,2.5,1.07,4.03,6.23,7.82
402,1,GA7,1.85,2.395,2.6725,3.49,1.74,3.0949999999999998,3.3325,3.34
402,2,GA7,1.34,2.015,2.6950000000000003,4.54,1.16,1.725,1.985,2.36
402,3,GA7,1.71,1.795,1.895,2.09,1.57,7.515,47.5175,163.01
402,4,GA7,1.0,2.3,3.005,3.65,0.92,1.745,2.355,3.12
609,1,GA7,2.81,3.17,3.5675,4.49,2.85,4.84,6.855,9.6
609,2,GA7,0.81,1.815,2.1,2.73,2.31,3.0300000000000002,4.28,5.96
609,3,GA7,0.72,1.19,1.295,1.4,5.12,7.904999999999999,10.81,19.21
609,4,GA7,0.35,0.55,0.9500000000000001,1.35,0.33,2.82,4.9825,5.89
680,1,GA7,1.56,1.72,2.0825,3.08,0.77,2.0149999999999997,2.4225,2.67
680,2,GA7,1.09,1.985,2.5250000000000004,2.93,0.49,1.25,1.8575,3.17
680,3,GA7,1.53,2.09,2.9775,5.61,0.86,14.38,28.4575,31.18
680,4,GA7,0.83,1.075,1.4675,2.18,1.08,4.82,8.5625,10.55
698,1,GA7,0.4,1.21,1.3125,1.41,1.27,1.3450000000000002,1.57,2.2
698,2,GA7,1.15,1.5,1.9575,2.85,1.09,1.96,2.045,2.27
698,3,GA7,0.36,0.5249999999999999,0.755,1.31,1.84,5.515000000000001,62.8575,230.22
698,4,GA7,1.53,3.235,3.4924999999999997,4.01,0.47,12.614999999999998,29.5775,57.65
703,1,GA7,0.75,2.0949999999999998,2.65,3.04,1.71,1.9300000000000002,2.42,3.44
703,2,GA7,1.47,2.92,3.285,3.93,2.52,3.415,3.56,3.83
703,3,GA7,0.61,1.115,1.285,1.66,0.65,4.145,5.7075,6.9
703,4,GA7,0.25,0.405,0.645,0.93,0.67,1.31,5.452500000000001,17.85
735,1,GA7,0.26,1.155,1.4675,1.49,0.34,0.685,0.9225,1.47
735,2,GA7,0.73,0.84,0.8825,0.95,0.79,1.385,1.56,1.71
735,3,GA7,0.32,0.64,0.8025,0.87,3.23,46.425,104.9275,170.29
735,4,GA7,1.66,2.0999999999999996,2.1825,2.22,4.09,7.875,12.7575,23.07
887,1,GA7,0.37,0.45999999999999996,0.5175,0.57,1.8,2.58,3.6275,4.7
887,2,GA7,0.57,0.835,0.98,1.1,0.49,1.77,2.1275,2.69
887,3,GA7,0.4,0.845,0.9375,1.11,9.94,31.005,41.1525,54.03
887,4,GA7,1.16,3.65,4.015,4.54,23.65,93.52000000000001,113.2225,165.7
35,1,GA3,50.085,53.7055,57.630250000000004,66.397,35.661,45.1065,48.98825,58.685
35,2,GA3,43.82,67.586,81.19175000000001,81.299,59.004,65.71600000000001,73.87725,92.481
35,3,GA3,103.707,107.322,109.4795,111.104,88.317,92.5625,93.35475,94.104
35,4,GA3,8.17,13.567,16.52875,18.526,3.143,4.8405000000000005,6.118,7.117
171,1,GA3,66.546,79.0015,80.2935,82.818,61.786,78.08250000000001,81.4,84.373
171,2,GA3,72.245,74.20400000000001,78.64775,86.516,61.558,74.279,77.82275,86.543
171,3,GA3,52.853,79.2135,83.646,94.122,43.698,75.5065,82.43525,95.714
171,4,GA3,37.58,44.3675,48.705,50.676,39.545,44.524,46.5575,50.0
402,1,GA3,61.841,66.527,73.93625,85.379,63.655,73.726,78.21525,85.944
402,2,GA3,45.702,51.459999999999994,54.823,62.008,61.614,66.94550000000001,68.44300000000001,68.59
402,3,GA3,72.231,85.3355,90.82675,92.983,32.381,60.7465,80.389,97.042
402,4,GA3,34.797,45.819,52.2315,53.667,25.505,42.0045,44.73425,48.071
609,1,GA3,53.392,58.314499999999995,59.78625,61.779,54.348,58.1215,63.27625,71.485
609,2,GA3,62.54,69.7815,76.70325,94.305,58.121,72.39750000000001,82.38925,88.798
609,3,GA3,63.553,84.0835,103.7465,107.63,85.654,89.271,96.71025,112.023
609,4,GA3,12.054,14.134,16.54975,18.835,11.819,14.595,15.882000000000001,16.05
680,1,GA3,102.578,107.25800000000001,113.4865,118.642,88.542,106.1285,111.9375,116.463
680,2,GA3,81.472,92.43350000000001,96.81825,109.764,52.42,78.02699999999999,93.53399999999999,134.568
680,3,GA3,71.51,116.1055,156.28725,163.368,161.953,169.63299999999998,180.43075,190.168
680,4,GA3,77.882,94.7565,115.91,133.976,46.566,83.92750000000001,94.23475,110.116
698,1,GA3,41.126,93.02250000000001,105.6695,108.281,31.675,65.64099999999999,83.72449999999999,92.366
698,2,GA3,61.728,73.8315,76.93925,77.765,47.991,55.939499999999995,63.3515,69.527
698,3,GA3,69.345,93.95,96.315,100.677,56.441,79.99199999999999,93.31475,97.424
698,4,GA3,47.57,57.5675,64.68375,68.751,53.113,59.7635,65.8665,67.323
703,1,GA3,9.816,35.111000000000004,39.51975,51.597,38.788,47.9775,49.647,50.706
703,2,GA3,35.213,42.3515,46.9535,58.583,43.961,54.24,58.10275,63.526
703,3,GA3,53.989,69.55799999999999,81.62925,86.403,37.182,55.0975,61.35725,71.087
703,4,GA3,18.953,22.125,22.98375,23.7,12.17,14.5295,17.584,20.8
735,1,GA3,64.283,70.2345,74.818,88.291,28.272,57.019499999999994,61.96975,68.149
735,2,GA3,46.771,51.6915,57.38625,70.341,45.698,51.965500000000006,62.041000000000004,74.899
735,3,GA3,52.859,68.199,81.32775,91.107,66.394,81.7025,82.55475000000001,82.599
735,4,GA3,58.658,86.1765,96.66375,104.265,38.659,47.335499999999996,56.4125,58.565
887,1,GA3,16.559,18.3675,23.86775,38.549,22.218,36.3985,38.376,40.464
887,2,GA3,11.971,16.753500000000003,21.993000000000002,27.846,21.598,29.755,34.35575,42.95
887,3,GA3,45.178,66.559,82.22075,96.626,57.14,63.429500000000004,71.10325,84.289
887,4,GA3,31.829,71.5135,75.61425,81.384,85.024,99.101,117.2485,132.031
35,1,GA5,3.46,4.77,5.435,5.45,5.46,7.1899999999999995,9.17,10.07
35,2,GA5,11.56,13.15,14.129999999999999,15.03,10.57,11.415,12.5325,13.38
35,3,GA5,9.56,15.985,18.974999999999998,26.22,10.26,15.254999999999999,20.675,23.24
35,4,GA5,5.19,6.695,9.225,14.19,2.68,4.125,5.1175,5.2
171,1,GA5,17.27,22.505000000000003,24.6675,25.71,17.23,21.104999999999997,23.08,27.64
171,2,GA5,13.05,16.535,19.82,22.4,12.23,18.595,19.5325,21.94
171,3,GA5,14.9,26.765,27.8325,29.58,14.48,17.794999999999998,21.0875,21.38
171,4,GA5,17.92,22.335,22.49,22.61,14.2,22.985,23.79,24.21
402,1,GA5,19.78,20.130000000000003,21.405,24.45,13.9,15.190000000000001,19.8,32.25
402,2,GA5,16.39,23.14,25.5325,26.23,10.72,11.48,16.5,30.03
402,3,GA5,22.05,22.81,23.5475,25.22,6.9,19.4,22.4125,27.19
402,4,GA5,23.38,35.315,38.4275,46.91,13.68,18.91,26.294999999999998,36.54
609,1,GA5,8.0,14.504999999999999,16.8475,21.13,12.68,15.05,18.025,22.18
609,2,GA5,16.1,17.755,18.23,19.01,16.21,19.77,23.9575,28.33
609,3,GA5,39.24,44.42,50.0225,51.35,28.71,41.065,45.724999999999994,52.46
609,4,GA5,24.88,29.46,32.5575,36.36,25.39,28.479999999999997,30.842499999999998,31.9
680,1,GA5,13.6,15.25,16.08,17.34,11.33,12.67,13.8125,15.05
680,2,GA5,10.95,13.02,13.58,14.96,5.21,14.875,16.4225,19.34
680,3,GA5,14.65,17.75,23.1475,30.4,21.99,28.195,30.425,34.55
680,4,GA5,7.61,24.509999999999998,31.84,41.8,26.47,34.91,37.114999999999995,40.31
698,1,GA5,5.54,6.21,7.2075,8.58,2.15,5.21,6.26,7.79
698,2,GA5,4.75,6.175000000000001,8.5725,14.7,3.41,5.765000000000001,5.955,6.18
698,3,GA5,9.53,12.34,22.2925,51.01,4.82,9.305,10.565000000000001,11.57
698,4,GA5,9.25,10.785,11.3825,12.47,8.58,10.415,12.1875,17.31
703,1,GA5,1.51,4.22,5.055,5.94,5.14,6.275,7.025,8.81
703,2,GA5,4.11,4.26,4.4725,4.69,6.39,6.63,6.9375,7.26
703,3,GA5,8.0,11.02,15.215,18.77,6.16,8.835,9.4475,9.71
703,4,GA5,4.86,7.119999999999999,7.925,8.27,7.29,8.23,8.685,9.03
735,1,GA5,9.59,10.74,11.555,11.93,2.94,8.98,9.965,11.36
735,2,GA5,7.48,8.58,9.215,9.68,7.61,10.14,11.4625,14.86
735,3,GA5,8.74,13.995000000000001,16.802500000000002,16.96,8.09,13.375,15.0375,18.9
735,4,GA5,17.3,23.945,32.8925,43.88,11.41,13.86,15.945,18.93
887,1,GA5,3.85,7.395,10.6375,15.07,5.91,8.49,11.2975,15.73
887,2,GA5,3.88,6.65,7.055,7.1,6.04,7.755000000000001,8.065000000000001,8.11
887,3,GA5,7.2,11.43,13.3675,18.97,7.74,9.955,11.19,11.52
887,4,GA5,8.93,18.03,20.4675,21.81,14.19,19.66,22.72,29.47
35,1,GA34,0.27,0.315,0.3675,0.42,0.34,0.6299999999999999,0.7374999999999999,0.88
35,2,GA34,1.06,1.44,1.735,2.08,1.13,1.335,1.62,1.98
35,3,GA34,0.42,0.565,0.7,0.88,0.77,0.88,1.1275,1.78
35,4,GA34,0.11,0.16999999999999998,0.195,0.21,0.11,0.14500000000000002,0.41,1.16
171,1,GA34,0.13,0.385,0.6775,1.03,0.24,0.365,0.44000000000000006,0.56
171,2,GA34,0.08,0.14,0.195,0.33,0.13,0.195,0.23750000000000002,0.26
171,3,GA34,0.09,0.135,0.15000000000000002,0.18,0.02,0.04,0.375,0.71
171,4,GA34,0.07,0.1,0.1325,0.17,0.05,0.085,0.1775,0.41
402,1,GA34,0.24,0.39,0.45749999999999996,0.6,0.04,0.22,0.2425,0.25
402,2,GA34,0.1,0.175,0.1875,0.21,0.04,0.07,0.1,0.13
402,3,GA34,0.04,0.05500000000000001,0.07250000000000001,0.08,0.03,0.1,0.39999999999999997,0.7
402,4,GA34,0.03,0.05,0.065,0.08,0.04,0.08499999999999999,0.10250000000000001,0.14
609,1,GA34,0.16,0.39,0.5525,0.71,0.05,0.185,0.2,0.23
609,2,GA34,0.4,0.7250000000000001,0.9400000000000001,1.0,0.35,0.47,0.51,0.54
609,3,GA34,0.27,0.48,0.655,0.97,0.37,0.79,0.97,1.15
609,4,GA34,0.13,0.21,0.2125,0.22,0.08,0.20500000000000002,0.25,0.34
680,1,GA34,1.93,4.965,8.41,11.47,1.53,3.9349999999999996,4.6425,4.89
680,2,GA34,1.64,2.23,2.7874999999999996,4.37,0.86,1.915,2.1149999999999998,2.37
680,3,GA34,0.23,1.005,1.4125,2.08,1.32,3.315,4.8225,5.04
680,4,GA34,0.14,0.82,1.275,2.28,0.26,0.6799999999999999,0.7575,0.87
698,1,GA34,0.01,0.02,0.025,0.04,0.0,0.015,0.035,0.08
698,2,GA34,0.06,0.07500000000000001,0.105,0.18,0.03,0.045,0.0675,0.09
698,3,GA34,0.02,0.02,0.02,0.02,0.02,0.08,0.145,0.21
698,4,GA34,0.06,0.065,0.0675,0.07,0.04,0.085,0.15,0.21
703,1,GA34,0.04,0.485,0.6625,0.7,0.22,0.455,0.8075,1.19
703,2,GA34,0.86,1.27,1.4475,1.47,0.65,0.855,1.0725,1.23
703,3,GA34,0.55,0.6599999999999999,0.94,1.57,0.35,0.8600000000000001,1.1475,1.23
703,4,GA34,0.34,0.385,0.455,0.65,0.33,0.475,0.71,1.07
735,1,GA34,0.15,0.41500000000000004,0.65,1.07,0.12,0.165,0.20500000000000002,0.22
735,2,GA34,0.4,0.82,0.9199999999999999,1.22,0.16,0.47,0.545,0.59
735,3,GA34,0.43,0.53,0.6125,0.65,0.49,1.5950000000000002,2.9725,3.97
735,4,GA34,0.16,0.305,0.41250000000000003,0.45,0.37,0.665,1.3900000000000001,3.49
887,1,GA34,0.04,0.08499999999999999,0.1275,0.18,0.07,0.14,0.1625,0.2
887,2,GA34,0.02,0.05,0.0725,0.11,0.11,0.22999999999999998,0.2475,0.27
887,3,GA34,0.02,0.125,0.14500000000000002,0.16,0.23,0.28,0.41500000000000004,0.67
887,4,GA34,0.09,0.16499999999999998,0.215,0.23,1.13,3.295,4.095,5.22
35,1,GA8,1.6,2.285,2.34,2.46,1.07,1.455,1.8,2.04
35,2,GA8,1.54,2.9349999999999996,3.62,3.65,1.85,2.76,3.2475,3.69
35,3,GA8,4.57,4.970000000000001,5.515000000000001,5.98,3.23,4.32,4.7925,5.16
35,4,GA8,0.85,1.06,1.31,1.91,0.19,0.32999999999999996,0.4425,0.54
171,1,GA8,3.82,5.0,5.4,5.82,5.07,5.65,5.915,6.38
171,2,GA8,4.98,5.845000000000001,6.1525,6.25,4.61,5.635,6.2175,7.17
171,3,GA8,4.81,5.4399999999999995,6.625,8.71,4.21,4.99,6.42,8.67
171,4,GA8,5.5,7.01,8.735,11.45,5.69,6.63,7.092499999999999,7.19
402,1,GA8,3.91,4.2,4.532500000000001,5.44,3.91,6.085,6.9174999999999995,7.75
402,2,GA8,3.89,4.355,5.28,7.77,4.14,4.93,5.17,5.35
402,3,GA8,6.27,6.86,8.855,14.84,3.12,6.43,8.1375,10.17
402,4,GA8,8.09,10.165,10.7925,11.43,9.08,9.5,10.665,13.83
609,1,GA8,2.79,3.2649999999999997,3.34,3.4,3.69,3.785,3.925,4.18
609,2,GA8,2.96,3.355,4.0825,5.38,4.24,4.875,5.545,6.94
609,3,GA8,5.18,6.415,10.7725,21.73,5.72,7.6899999999999995,8.1325,8.77
609,4,GA8,1.86,2.4050000000000002,2.9425,4.51,1.64,2.385,2.6425,2.77
680,1,GA8,2.0,2.0949999999999998,2.405,3.05,2.12,2.19,2.7425,4.28
680,2,GA8,2.9,4.005,4.2175,4.24,1.67,3.985,4.5024999999999995,4.99
680,3,GA8,2.79,4.4,6.07,8.38,3.53,4.1049999999999995,5.2299999999999995,7.87
680,4,GA8,5.78,7.395,8.1625,10.0,6.14,7.455,8.629999999999999,8.99
698,1,GA8,1.29,1.36,1.5125000000000002,1.97,0.59,1.425,2.02,3.49
698,2,GA8,1.25,1.645,2.195,3.26,1.52,1.76,2.0925,2.4
698,3,GA8,2.78,4.95,6.1175,7.97,1.36,2.8,3.5825,3.89
698,4,GA8,4.07,5.015,5.2275,5.25,4.55,4.85,5.29,6.16
703,1,GA8,0.41,0.65,0.79,0.85,0.71,0.9299999999999999,1.065,1.44
703,2,GA8,0.94,1.205,1.4124999999999999,1.42,0.8,1.0699999999999998,1.29,1.62
703,3,GA8,1.53,1.865,2.3375,2.96,1.29,1.68,2.0324999999999998,3.03
703,4,GA8,1.11,1.205,1.3125,1.47,0.72,0.8400000000000001,0.9425,1.04
735,1,GA8,1.51,1.755,1.7775,1.83,0.7,1.2550000000000001,1.6300000000000001,1.72
735,2,GA8,1.98,2.2199999999999998,2.6525,3.53,1.77,2.74,3.41,4.01
735,3,GA8,3.01,4.664999999999999,5.0874999999999995,5.17,4.43,4.515000000000001,4.73,5.18
735,4,GA8,6.85,9.6,11.285,11.39,5.42,8.645,9.5525,9.68
887,1,GA8,0.17,0.275,0.435,0.78,0.34,0.535,0.5725,0.64
887,2,GA8,0.39,0.605,0.905,1.52,0.56,0.7749999999999999,0.895,1.03
887,3,GA8,0.74,1.2149999999999999,1.545,1.92,1.03,1.26,1.3675,1.66
887,4,GA8,3.69,4.0649999999999995,4.3025,4.82,3.71,5.475,6.37,7.84
35,1,ABA,594.63,1258.85,1423.9625,1426.37,265.3,821.205,1053.0525,1183.44
35,2,ABA,517.84,992.075,1152.78,1297.83,400.23,999.475,1416.2325,1545.51
35,3,ABA,178.54,401.09000000000003,1415.325,4438.56,187.24,301.765,412.90749999999997,548.5
35,4,ABA,86.49,217.66500000000002,397.3075,689.86,106.7,219.695,353.8425,437.01
171,1,ABA,1053.34,2403.145,2796.2825000000003,2805.38,1033.26,1517.4,1631.225,1824.53
171,2,ABA,1367.15,1907.96,2449.4075000000003,2675.0,1345.65,1496.0949999999998,1582.4424999999999,1725.28
171,3,ABA,528.06,1621.3400000000001,2474.1575000000003,3325.73,378.68,683.9549999999999,1009.165,1504.21
171,4,ABA,430.95,1448.51,2062.66,2732.56,482.77,639.44,805.0125,1104.75
402,1,ABA,1309.11,1489.9850000000001,1502.0675,1519.61,933.6,1125.4850000000001,1386.0375000000001,1897.14
402,2,ABA,1025.73,1398.36,1718.78,1995.29,1449.28,1567.2199999999998,1632.4325,1787.21
402,3,ABA,639.19,716.8900000000001,792.995,952.85,537.86,1341.635,1611.21,2378.58
402,4,ABA,279.27,1053.19,1225.8125,1242.38,522.42,968.325,1427.875,2141.02
609,1,ABA,1430.81,1829.695,2247.2625,2604.57,2356.51,3055.95,3564.45,3641.13
609,2,ABA,1078.79,1347.65,1680.7075,2582.83,923.96,1458.37,1625.1924999999999,2014.72
609,3,ABA,1101.62,1224.5,1398.7675,1617.13,834.76,1227.42,1364.0375,1555.13
609,4,ABA,635.86,721.155,897.115,1300.54,739.99,928.41,1020.75,1219.44
680,1,ABA,1492.98,1592.755,1874.7075,2694.0,1500.12,1585.37,1899.1525,2824.45
680,2,ABA,1164.4,1625.77,2018.4650000000001,2572.07,1308.55,1495.87,1839.9525,2405.64
680,3,ABA,847.74,1484.865,1821.7725,1866.87,920.96,1045.76,1077.045,1100.19
680,4,ABA,510.5,1069.835,1916.8375,3235.87,601.72,813.5899999999999,866.89,882.28
698,1,ABA,1619.8,2067.715,2247.62,2658.77,1020.37,1473.56,2057.0325,2866.77
698,2,ABA,1193.44,1816.61,2160.2675,2239.4,955.05,1180.31,1430.495,1680.32
698,3,ABA,1028.51,1775.645,2298.3175,2617.39,546.71,1569.1350000000002,1748.2350000000001,1890.27
698,4,ABA,312.82,1114.505,1222.3374999999999,1469.11,563.19,1382.73,1740.6100000000001,2094.37
703,1,ABA,1575.83,1740.08,2128.1625,2944.05,1669.18,1674.755,1831.69,2287.27
703,2,ABA,1826.87,2709.26,2960.6575000000003,3301.99,1372.68,1887.44,2115.5375,2693.81
703,3,ABA,1047.41,1175.0149999999999,1257.1825,1313.14,819.81,992.865,1056.9575,1098.77
703,4,ABA,660.95,913.8050000000001,1087.3575,1341.93,685.64,803.31,922.2875,1236.14
735,1,ABA,1103.1,1946.1750000000002,2136.4900000000002,2194.18,1585.27,2657.5299999999997,2759.425,2921.83
735,2,ABA,1877.55,2387.64,2911.3375,3207.28,2113.54,3582.74,3810.995,4106.51
735,3,ABA,1205.52,2116.265,2352.16,2535.16,1881.21,2079.085,2225.7875,2254.43
735,4,ABA,1243.47,1370.3200000000002,1630.1775,2228.64,1020.08,1862.19,2279.165,3251.03
887,1,ABA,1027.04,1201.91,1381.895,1887.26,1296.01,1466.7600000000002,1658.4,2232.18
887,2,ABA,2107.91,3071.6549999999997,3908.3125,4592.23,1255.68,1697.955,1763.5049999999999,1897.5
887,3,ABA,1123.31,1801.505,2032.1950000000002,2585.53,1098.66,1274.71,1322.235,1436.79
887,4,ABA,589.15,1037.68,1435.0175000000002,1906.43,624.25,687.9000000000001,791.1925000000001,1046.92
35,1,JA,5.46,7.74,9.8875,14.77,4.07,14.535,26.0775,48.51
35,2,JA,4.19,58.67,88.5025,144.46,42.8,64.345,85.765,136.84
35,3,JA,7.18,8.3,9.3,11.97,6.65,15.77,19.71,25.47
35,4,JA,4.72,12.36,12.9375,14.16,2.4,12.195,12.7575,12.81
171,1,JA,2.32,13.764999999999999,29.31,49.08,2.96,13.79,20.384999999999998,38.73
171,2,JA,23.13,28.425,46.0275,86.43,18.0,39.150000000000006,59.585,75.32
171,3,JA,4.13,6.145,7.9975000000000005,8.5,2.87,5.365,6.78,6.99
171,4,JA,0.66,5.665000000000001,11.842500000000001,19.23,8.19,15.745000000000001,17.6325,20.73
402,1,JA,6.61,17.895,25.6025,47.99,10.41,54.405,92.2475,104.45
402,2,JA,18.33,44.27,72.055,116.41,5.74,41.915,73.335,97.38
402,3,JA,7.41,13.66,15.7075,17.38,4.24,9.49,14.48,24.32
402,4,JA,12.05,12.940000000000001,14.8125,18.03,13.91,19.555,26.895,34.92
609,1,JA,7.64,13.42,14.86,16.63,4.75,10.1,13.3275,21.27
609,2,JA,11.94,57.155,98.0075,154.85,39.01,70.95,102.035,102.29
609,3,JA,5.19,15.205,19.57,24.49,10.16,16.025,27.365000000000002,57.71
609,4,JA,8.28,14.39,19.2425,21.8,6.69,39.019999999999996,48.769999999999996,52.22
680,1,JA,19.2,24.755000000000003,49.6175,108.47,16.5,30.78,46.0775,53.81
680,2,JA,1.46,32.2,50.47,57.25,4.3,20.685000000000002,36.045,69.51
680,3,JA,10.79,18.875,25.772499999999997,36.91,1.38,4.84,9.1725,15.78
680,4,JA,3.01,9.97,14.345,14.48,20.42,27.93,30.799999999999997,31.79
698,1,JA,13.62,22.27,36.182500000000005,69.76,32.85,42.239999999999995,45.9775,53.29
698,2,JA,17.65,32.95,54.0075,99.99,6.36,93.78,127.82,201.53
698,3,JA,2.2,11.85,17.095,28.9,3.73,5.470000000000001,16.3,45.25
698,4,JA,5.93,12.05,14.035,19.78,9.61,18.384999999999998,19.8675,21.78
703,1,JA,14.79,43.44,45.895,47.23,6.36,32.075,47.2625,79.34
703,2,JA,52.17,117.37,149.62,238.57,7.56,52.715,80.2825,83.35
703,3,JA,3.86,8.38,14.982500000000002,22.76,3.57,19.285,29.0025,38.49
703,4,JA,13.61,20.84,24.490000000000002,27.31,9.28,13.125,15.285,15.66
735,1,JA,10.54,52.93,83.82,113.55,17.18,26.33,32.9725,41.65
735,2,JA,11.01,67.755,98.98,106.0,43.25,71.155,105.69,134.19
735,3,JA,4.91,27.055,27.9175,29.86,17.59,25.619999999999997,33.23,41.78
735,4,JA,16.5,22.105,27.615,38.94,20.79,27.4,35.05,43.87
887,1,JA,2.98,24.335,48.5675,78.89,10.44,24.215,30.662499999999998,37.72
887,2,JA,16.22,26.604999999999997,64.76249999999999,150.6,51.7,96.645,149.075,197.27
887,3,JA,7.43,15.095,18.955000000000002,21.04,3.81,8.969999999999999,9.9275,10.76
887,4,JA,18.21,22.675,24.7,28.63,21.23,38.045,40.15,45.61
35,1,IAA,7.01,10.16,11.4625,11.62,6.95,7.97,9.11,10.1
35,2,IAA,6.51,8.015,8.48,8.87,7.42,7.965,8.325,8.34
35,3,IAA,4.13,4.76,5.1525,6.21,3.67,4.970000000000001,5.205,5.82
35,4,IAA,4.69,7.64,9.9725,10.31,2.8,4.609999999999999,5.8675,5.92
171,1,IAA,6.2,9.84,9.987499999999999,10.34,5.04,7.175,7.45,7.54
171,2,IAA,9.78,11.204999999999998,11.305,11.35,7.76,10.245000000000001,12.0525,12.18
171,3,IAA,9.64,11.504999999999999,13.04,13.31,8.7,9.79,11.34,13.5
171,4,IAA,4.22,9.23,12.045,15.39,11.11,20.325,31.259999999999998,53.13
402,1,IAA,8.76,9.435,10.4,11.39,7.11,10.01,11.6975,12.23
402,2,IAA,6.26,8.559999999999999,11.1,12.54,7.39,8.74,9.52,10.63
402,3,IAA,8.08,8.46,9.395,12.2,8.1,11.274999999999999,12.587499999999999,13.03
402,4,IAA,5.04,7.5600000000000005,9.49,10.93,5.13,12.43,17.335,19.24
609,1,IAA,4.82,5.59,6.6850000000000005,8.41,5.83,6.135,7.3999999999999995,10.94
609,2,IAA,5.67,6.695,7.805,8.57,5.74,8.135,9.27,9.48
609,3,IAA,5.16,7.984999999999999,8.425,8.44,7.11,8.25,8.8825,9.55
609,4,IAA,5.83,9.370000000000001,11.432500000000001,13.09,10.12,14.66,17.3875,25.18
680,1,IAA,10.38,12.684999999999999,13.565,14.69,8.96,10.385,10.865,11.96
680,2,IAA,8.77,10.125,11.2825,13.24,6.96,8.565000000000001,9.9875,13.55
680,3,IAA,6.18,11.385000000000002,14.735,15.02,7.16,10.190000000000001,11.1575,11.9
680,4,IAA,4.24,10.614999999999998,13.5475,14.83,4.4,4.949999999999999,5.7825,8.1
698,1,IAA,11.3,11.685,12.475000000000001,14.26,8.22,9.14,10.535,12.62
698,2,IAA,7.59,8.375,9.265,10.87,7.9,8.685,9.07,9.13
698,3,IAA,7.23,9.495000000000001,10.995000000000001,12.21,7.58,9.735,10.075000000000001,10.66
698,4,IAA,4.85,6.529999999999999,7.2625,7.3,6.72,7.375,8.21,9.38
703,1,IAA,9.56,12.825,15.105,16.89,6.88,10.145,11.5625,12.35
703,2,IAA,8.74,10.32,11.0275,12.58,5.94,9.905,11.19,12.39
703,3,IAA,5.94,8.185,10.155000000000001,14.73,6.18,7.15,8.2,9.94
703,4,IAA,9.47,10.235,11.725,15.79,7.11,11.485,14.2325,14.99
735,1,IAA,6.09,9.925,11.272499999999999,11.52,6.78,10.055,10.9575,12.18
735,2,IAA,4.22,7.095000000000001,8.2375,8.98,6.96,9.18,10.8975,13.17
735,3,IAA,7.92,9.38,10.225000000000001,10.51,4.94,8.58,9.0,9.66
735,4,IAA,4.64,6.125,7.6,8.02,3.13,3.88,5.047499999999999,7.26
887,1,IAA,7.83,9.14,9.3425,9.8,8.68,10.125,10.955,11.36
887,2,IAA,6.95,9.559999999999999,9.8925,10.5,6.93,7.65,8.76,11.13
887,3,IAA,8.99,10.375,11.41,11.44,6.87,11.219999999999999,12.045,13.59
887,4,IAA,3.79,6.3100000000000005,8.0225,10.4,3.86,5.255,5.505,5.64
35,1,SA,90.41,108.61500000000001,115.5275,129.26,84.0,112.305,141.7375,191.47
35,2,SA,78.15,144.975,163.88,174.47,97.03,127.97999999999999,153.2625,206.64
35,3,SA,50.91,75.805,87.7875,90.3,57.37,83.08500000000001,93.45,121.89
35,4,SA,80.98,203.14499999999998,217.805,236.99,117.5,191.91,253.7925,262.5
171,1,SA,44.39,60.915,67.24000000000001,80.62,39.42,68.1,78.6075,105.66
171,2,SA,40.79,55.474999999999994,72.3825,88.14,48.07,52.255,60.13,71.59
171,3,SA,33.99,42.615,104.3825,281.39,32.28,41.515,91.7375,234.17
171,4,SA,56.26,62.235,90.74000000000001,167.93,48.06,49.885000000000005,52.14,55.71
402,1,SA,40.54,57.845,69.975,76.23,24.01,37.61,39.345,41.97
402,2,SA,30.49,46.84,59.775,67.23,32.09,35.959999999999994,38.165,43.88
402,3,SA,29.57,41.114999999999995,44.3125,46.42,34.82,46.695,75.275,130.07
402,4,SA,42.94,49.84,56.052499999999995,65.3,26.99,76.25,106.345,146.98
609,1,SA,41.27,65.505,73.5675,77.1,71.71,106.92500000000001,130.0125,166.95
609,2,SA,66.25,83.6,94.2125,113.75,67.03,79.08500000000001,85.75999999999999,93.8
609,3,SA,94.63,104.59,117.83,134.39,124.0,145.48000000000002,152.73250000000002,165.43
609,4,SA,95.34,184.075,208.6775,248.99,181.65,202.935,204.34,208.06
680,1,SA,69.53,80.80000000000001,89.27000000000001,95.63,79.79,80.33500000000001,84.265,95.53
680,2,SA,48.78,64.28,80.4975,101.46,59.67,70.73,78.0125,78.23
680,3,SA,48.75,97.025,138.42,176.7,44.66,50.61,54.6575,65.84
680,4,SA,127.41,176.545,218.7475,308.23,135.13,183.79500000000002,230.7175,231.82
698,1,SA,42.38,55.005,100.00500000000001,200.4,34.99,51.655,77.4875,128.84
698,2,SA,31.49,48.16,62.830000000000005,106.51,38.58,44.11,44.675,44.9
698,3,SA,34.25,138.895,248.735,268.97,25.46,41.02,50.337500000000006,58.25
698,4,SA,36.16,53.765,57.35,63.8,39.1,44.489999999999995,47.915,51.59
703,1,SA,32.0,35.7,64.64,144.56,30.56,32.265,34.572500000000005,40.82
703,2,SA,43.64,51.504999999999995,55.0475,59.21,20.9,41.05,47.7025,53.2
703,3,SA,42.41,56.099999999999994,64.2225,65.73,55.97,69.03999999999999,78.1425,88.26
703,4,SA,50.1,58.31,63.76,75.07,40.36,71.255,81.5425,103.72
735,1,SA,34.67,36.010000000000005,42.545,59.51,50.82,98.965,151.2875,182.87
735,2,SA,25.98,32.425,39.019999999999996,54.38,23.22,65.33,95.36,129.17
735,3,SA,28.56,43.52,58.825,68.62,25.81,37.74,42.2525,46.88
735,4,SA,35.03,42.785,54.9675,77.31,33.75,44.415000000000006,56.055,74.25
887,1,SA,110.17,149.615,226.5875,397.19,147.4,179.84,199.97250000000003,237.24
887,2,SA,154.9,337.225,492.4775,603.68,133.89,159.16,170.7575,190.52
887,3,SA,106.7,133.27,140.7125,161.63,76.13,84.33500000000001,86.5375,89.98
887,4,SA,89.96,131.975,190.3375,293.08,60.47,89.565,117.72,128.46
35,1,DHZ,0.07,0.135,0.14,0.14,0.1,0.14,0.15,0.15
35,2,DHZ,0.14,0.14500000000000002,0.1575,0.18,0.14,0.16,0.17500000000000002,0.19
35,3,DHZ,0.15,0.16999999999999998,0.1975,0.22,0.16,0.21000000000000002,0.25,0.31
35,4,DHZ,0.25,0.27,0.2775,0.3,0.26,0.315,0.325,0.34
171,1,DHZ,0.07,0.08499999999999999,0.0925,0.1,0.07,0.09,0.1,0.1
171,2,DHZ,0.15,0.155,0.165,0.18,0.12,0.14500000000000002,0.2075,0.38
171,3,DHZ,0.15,0.16499999999999998,0.1825,0.19,0.14,0.155,0.1675,0.19
171,4,DHZ,0.14,0.175,0.1825,0.19,0.16,0.2,0.2125,0.22
402,1,DHZ,0.08,0.125,0.13,0.13,0.07,0.09,0.10250000000000001,0.14
402,2,DHZ,0.1,0.12,0.14250000000000002,0.18,0.12,0.135,0.14500000000000002,0.16
402,3,DHZ,0.14,0.17,0.17,0.17,0.09,0.125,0.1575,0.21
402,4,DHZ,0.16,0.20500000000000002,0.215,0.23,0.12,0.26,0.2725,0.28
609,1,DHZ,0.08,0.09,0.10500000000000001,0.12,0.06,0.07500000000000001,0.10250000000000001,0.17
609,2,DHZ,0.12,0.18,0.1975,0.25,0.11,0.185,0.1975,0.22
609,3,DHZ,0.2,0.225,0.23500000000000001,0.25,0.18,0.255,0.26,0.26
609,4,DHZ,0.18,0.31,0.3175,0.34,0.24,0.29500000000000004,0.3425,0.35
680,1,DHZ,0.07,0.1,0.115,0.13,0.06,0.08,0.0825,0.09
680,2,DHZ,0.14,0.165,0.2025,0.24,0.12,0.14,0.17,0.2
680,3,DHZ,0.17,0.20500000000000002,0.21,0.21,0.17,0.195,0.21000000000000002,0.24
680,4,DHZ,0.19,0.21500000000000002,0.25,0.31,0.24,0.29500000000000004,0.3425,0.35
698,1,DHZ,0.1,0.10500000000000001,0.1125,0.12,0.09,0.11,0.1325,0.14
698,2,DHZ,0.11,0.165,0.195,0.21,0.14,0.16,0.17,0.2
698,3,DHZ,0.16,0.19,0.2275,0.28,0.17,0.2,0.21000000000000002,0.24
698,4,DHZ,0.21,0.3,0.3425,0.44,0.23,0.345,0.39249999999999996,0.52
703,1,DHZ,0.07,0.08499999999999999,0.09,0.09,0.06,0.08,0.085,0.1
703,2,DHZ,0.12,0.135,0.14250000000000002,0.15,0.05,0.13,0.1325,0.14
703,3,DHZ,0.11,0.135,0.14,0.14,0.13,0.14500000000000002,0.17,0.2
703,4,DHZ,0.2,0.245,0.25,0.25,0.2,0.27,0.2775,0.3
735,1,DHZ,0.04,0.05,0.065,0.08,0.05,0.07500000000000001,0.08,0.08
735,2,DHZ,0.05,0.07,0.0825,0.09,0.05,0.065,0.07500000000000001,0.09
735,3,DHZ,0.1,0.135,0.14250000000000002,0.15,0.11,0.135,0.14,0.14
735,4,DHZ,0.22,0.245,0.2675,0.32,0.18,0.21,0.2525,0.29
887,1,DHZ,0.06,0.115,0.14500000000000002,0.16,0.09,0.11,0.1125,0.12
887,2,DHZ,0.09,0.11,0.1225,0.13,0.11,0.14500000000000002,0.1575,0.18
887,3,DHZ,0.12,0.13,0.135,0.15,0.12,0.14500000000000002,0.1625,0.17
887,4,DHZ,0.19,0.2,0.21000000000000002,0.24,0.17,0.24,0.245,0.26
35,1,iP,0.01,0.01,0.0125,0.02,0.01,0.01,0.0125,0.02
35,2,iP,0.01,0.01,0.01,0.01,0.01,0.01,0.01,0.01
35,3,iP,0.02,0.02,0.0225,0.03,0.02,0.02,0.0225,0.03
35,4,iP,0.04,0.05,0.05500000000000001,0.07,0.03,0.065,0.08,0.08
171,1,iP,0.01,0.01,0.0125,0.02,0.01,0.01,0.01,0.01
171,2,iP,0.01,0.01,0.01,0.01,0.01,0.015,0.02,0.02
171,3,iP,0.01,0.02,0.0225,0.03,0.01,0.02,0.02,0.02
171,4,iP,0.03,0.04,0.04,0.04,0.04,0.04,0.04,0.04
402,1,iP,0.01,0.01,0.01,0.01,0.0,0.01,0.01,0.01
402,2,iP,0.01,0.01,0.01,0.01,0.01,0.01,0.01,0.01
402,3,iP,0.01,0.01,0.01,0.01,0.01,0.01,0.01,0.01
402,4,iP,0.01,0.02,0.03,0.03,0.01,0.015,0.02,0.02
609,1,iP,0.01,0.01,0.01,0.01,0.01,0.01,0.01,0.01
609,2,iP,0.01,0.01,0.01,0.01,0.01,0.01,0.01,0.01
609,3,iP,0.01,0.015,0.02,0.02,0.01,0.02,0.02,0.02
609,4,iP,0.02,0.025,0.0325,0.04,0.03,0.04,0.04,0.04
680,1,iP,0.01,0.01,0.01,0.01,0.01,0.01,0.01,0.01
680,2,iP,0.01,0.01,0.01,0.01,0.01,0.01,0.01,0.01
680,3,iP,0.01,0.02,0.02,0.02,0.02,0.02,0.0225,0.03
680,4,iP,0.03,0.035,0.0425,0.05,0.03,0.045,0.05,0.05
698,1,iP,0.01,0.01,0.01,0.01,0.01,0.01,0.01,0.01
698,2,iP,0.01,0.01,0.01,0.01,0.01,0.01,0.01,0.01
698,3,iP,0.01,0.01,0.01,0.01,0.01,0.01,0.01,0.01
698,4,iP,0.01,0.015,0.02,0.02,0.01,0.02,0.0225,0.03
703,1,iP,0.01,0.01,0.01,0.01,0.01,0.01,0.01,0.01
703,2,iP,0.0,0.01,0.01,0.01,0.0,0.005,0.01,0.01
703,3,iP,0.01,0.01,0.01,0.01,0.01,0.01,0.01,0.01
703,4,iP,0.01,0.02,0.02,0.02,0.02,0.02,0.0275,0.05
735,1,iP,0.01,0.01,0.01,0.01,0.01,0.01,0.01,0.01
735,2,iP,0.01,0.01,0.01,0.01,0.01,0.01,0.01,0.01
735,3,iP,0.01,0.01,0.0125,0.02,0.01,0.01,0.01,0.01
735,4,iP,0.02,0.025,0.03,0.03,0.01,0.025,0.03,0.03
887,1,iP,0.01,0.02,0.02,0.02,0.01,0.01,0.0125,0.02
887,2,iP,0.01,0.01,0.01,0.01,0.01,0.01,0.01,0.01
887,3,iP,0.01,0.01,0.01,0.01,0.01,0.015,0.02,0.02
887,4,iP,0.02,0.025,0.03,0.03,0.03,0.035,0.0425,0.05
35,1,tZ,0.03,0.03,0.0325,0.04,0.04,0.06,0.0625,0.07
35,2,tZ,0.03,0.04,0.05,0.05,0.03,0.03,0.035,0.05
35,3,tZ,0.03,0.035,0.0425,0.05,0.04,0.05,0.052500000000000005,0.06
35,4,tZ,0.04,0.055,0.06,0.06,0.06,0.06,0.0625,0.07
171,1,tZ,0.02,0.04,0.0425,0.05,0.03,0.045,0.052500000000000005,0.06
171,2,tZ,0.02,0.035,0.04,0.04,0.03,0.045,0.065,0.11
171,3,tZ,0.03,0.045,0.052500000000000005,0.06,0.03,0.045,0.05,0.05
171,4,tZ,0.04,0.04,0.0425,0.05,0.04,0.06,0.0675,0.09
402,1,tZ,0.03,0.045,0.05,0.05,0.02,0.03,0.0325,0.04
402,2,tZ,0.02,0.025,0.0325,0.04,0.03,0.035,0.04,0.04
402,3,tZ,0.03,0.04,0.04,0.04,0.02,0.035,0.04,0.04
402,4,tZ,0.03,0.045,0.05,0.05,0.03,0.05,0.05500000000000001,0.07
609,1,tZ,0.02,0.03,0.03,0.03,0.02,0.025,0.03,0.03
609,2,tZ,0.03,0.035,0.0425,0.05,0.02,0.04,0.04,0.04
609,3,tZ,0.03,0.03,0.0325,0.04,0.03,0.035,0.0425,0.05
609,4,tZ,0.02,0.04,0.0425,0.05,0.03,0.035,0.04,0.04
680,1,tZ,0.03,0.05,0.052500000000000005,0.06,0.03,0.04,0.052500000000000005,0.06
680,2,tZ,0.03,0.03,0.0325,0.04,0.03,0.035,0.04,0.04
680,3,tZ,0.03,0.04,0.04,0.04,0.03,0.035,0.04,0.04
680,4,tZ,0.03,0.045,0.052500000000000005,0.06,0.04,0.05,0.0675,0.09
698,1,tZ,0.03,0.04,0.045,0.06,0.04,0.060000000000000005,0.07250000000000001,0.08
698,2,tZ,0.03,0.05,0.065,0.08,0.04,0.06,0.065,0.08
698,3,tZ,0.04,0.05,0.052500000000000005,0.06,0.05,0.055,0.065,0.08
698,4,tZ,0.05,0.055,0.0675,0.09,0.03,0.06,0.065,0.08
703,1,tZ,0.03,0.035,0.0425,0.05,0.02,0.03,0.0325,0.04
703,2,tZ,0.03,0.04,0.0425,0.05,0.01,0.03,0.03,0.03
703,3,tZ,0.02,0.03,0.0325,0.04,0.04,0.04,0.0425,0.05
703,4,tZ,0.04,0.045,0.052500000000000005,0.06,0.03,0.045,0.052500000000000005,0.06
735,1,tZ,0.01,0.025,0.03,0.03,0.02,0.025,0.03,0.03
735,2,tZ,0.02,0.02,0.0225,0.03,0.02,0.02,0.0225,0.03
735,3,tZ,0.03,0.03,0.03,0.03,0.02,0.03,0.03,0.03
735,4,tZ,0.03,0.03,0.035,0.05,0.03,0.03,0.0375,0.06
887,1,tZ,0.03,0.05,0.06,0.06,0.03,0.04,0.045,0.06
887,2,tZ,0.02,0.03,0.03,0.03,0.03,0.035,0.045,0.06
887,3,tZ,0.03,0.03,0.0325,0.04,0.02,0.03,0.0325,0.04
887,4,tZ,0.02,0.03,0.035,0.05,0.03,0.04,0.04,0.04